,Astro,Endo,L5-1,Lhx6,NPY,Oligo,Reln,SST,Smc,VIP,eL2/3,eL5-2,eL5-3,eL6-1,eL6-2
69x4486,0,0,0,0,0,0,0,0,1,0,0,0,0,0,0
93x1063,0,0,0,0,0,0,0,0,1,0,0,0,0,0,0
143x3445,0,1,0,0,0,0,0,0,0,0,0,0,0,0,0
88x4092,1,0,0,0,0,0,0,0,0,0,0,0,0,0,0
120x4293,1,0,0,0,0,0,0,0,0,0,0,0,0,0,0
104x2648,0,1,0,0,0,0,0,0,0,0,0,0,0,0,0
105x2425,0,1,0,0,0,0,0,0,0,0,0,0,0,0,0
146x5387,0,0,0,0,0,0,0,0,1,0,0,0,0,0,0
107x3104,0,1,0,0,0,0,0,0,0,0,0,0,0,0,0
127x3822,1,0,0,0,0,0,0,0,0,0,0,0,0,0,0
259x4507,0,0,0,0,0,0,0,0,1,0,0,0,0,0,0
210x2935,0,1,0,0,0,0,0,0,0,0,0,0,0,0,0
241x3271,0,1,0,0,0,0,0,0,0,0,0,0,0,0,0
239x2631,0,1,0,0,0,0,0,0,0,0,0,0,0,0,0
281x3080,0,1,0,0,0,0,0,0,0,0,0,0,0,0,0
224x3566,0,0,0,0,0,0,0,0,1,0,0,0,0,0,0
221x4872,1,0,0,0,0,0,0,0,0,0,0,0,0,0,0
290x5270,0,1,0,0,0,0,0,0,0,0,0,0,0,0,0
276x5435,0,1,0,0,0,0,0,0,0,0,0,0,0,0,0
321x3949,0,0,0,0,0,0,0,0,0,0,0,0,0,0,1
339x2790,0,1,0,0,0,0,0,0,0,0,0,0,0,0,0
317x5119,0,1,0,0,0,0,0,0,0,0,0,0,0,0,0
342x5600,0,1,0,0,0,0,0,0,0,0,0,0,0,0,0
352x2563,0,1,0,0,0,0,0,0,0,0,0,0,0,0,0
372x1693,0,0,0,0,0,0,0,0,1,0,0,0,0,0,0
311x2357,0,1,0,0,0,0,0,0,0,0,0,0,0,0,0
385x5503,0,1,0,0,0,0,0,0,0,0,0,0,0,0,0
396x4972,0,1,0,0,0,0,0,0,0,0,0,0,0,0,0
388x5349,0,1,0,0,0,0,0,0,0,0,0,0,0,0,0
402x1331,0,0,0,0,0,1,0,0,0,0,0,0,0,0,0
409x4543,0,0,0,0,0,0,0,0,1,0,0,0,0,0,0
413x5757,1,0,0,0,0,0,0,0,0,0,0,0,0,0,0
393x4808,1,0,0,0,0,0,0,0,0,0,0,0,0,0,0
446x5944,0,1,0,0,0,0,0,0,0,0,0,0,0,0,0
462x5091,0,1,0,0,0,0,0,0,0,0,0,0,0,0,0
482x5413,0,1,0,0,0,0,0,0,0,0,0,0,0,0,0
482x5581,0,1,0,0,0,0,0,0,0,0,0,0,0,0,0
461x3050,1,0,0,0,0,0,0,0,0,0,0,0,0,0,0
471x5246,0,1,0,0,0,0,0,0,0,0,0,0,0,0,0
526x5768,0,0,0,0,0,0,0,0,1,0,0,0,0,0,0
555x1786,0,0,0,0,0,0,0,0,1,0,0,0,0,0,0
563x5971,0,0,0,0,0,0,0,0,1,0,0,0,0,0,0
526x6243,0,0,0,0,0,0,0,0,1,0,0,0,0,0,0
548x6495,0,0,0,0,0,0,0,0,1,0,0,0,0,0,0
554x6386,0,0,0,0,0,0,0,0,1,0,0,0,0,0,0
558x5137,0,1,0,0,0,0,0,0,0,0,0,0,0,0,0
561x6118,0,0,0,0,0,0,0,0,1,0,0,0,0,0,0
581x4471,0,0,0,0,0,0,0,0,1,0,0,0,0,0,0
599x5622,0,1,0,0,0,0,0,0,0,0,0,0,0,0,0
604x5412,0,0,0,0,0,0,0,0,1,0,0,0,0,0,0
598x6567,0,0,0,0,0,0,0,0,1,0,0,0,0,0,0
578x286,0,0,0,0,0,0,0,0,1,0,0,0,0,0,0
616x5239,1,0,0,0,0,0,0,0,0,0,0,0,0,0,0
652x6228,1,0,0,0,0,0,0,0,0,0,0,0,0,0,0
705x1715,0,0,0,0,0,0,0,0,1,0,0,0,0,0,0
732x5330,0,1,0,0,0,0,0,0,0,0,0,0,0,0,0
835x5264,0,1,0,0,0,0,0,0,0,0,0,0,0,0,0
871x1075,0,1,0,0,0,0,0,0,0,0,0,0,0,0,0
847x241,1,0,0,0,0,0,0,0,0,0,0,0,0,0,0
887x5359,0,0,0,0,0,0,0,0,1,0,0,0,0,0,0
949x787,0,0,0,0,0,0,0,0,1,0,0,0,0,0,0
906x2244,0,0,0,0,0,0,0,0,1,0,0,0,0,0,0
898x92,0,0,0,0,0,0,0,0,1,0,0,0,0,0,0
1023x284,0,0,0,0,0,0,0,0,1,0,0,0,0,0,0
1022x5565,0,0,0,0,0,0,0,0,1,0,0,0,0,0,0
1107x4892,0,0,0,0,0,0,0,0,1,0,0,0,0,0,0
1155x352,1,0,0,0,0,0,0,0,0,0,0,0,0,0,0
1219x6017,0,0,0,0,0,1,0,0,0,0,0,0,0,0,0
1225x5122,0,0,0,0,0,0,0,0,1,0,0,0,0,0,0
1249x136,1,0,0,0,0,0,0,0,0,0,0,0,0,0,0
1251x4565,0,0,0,0,0,0,0,0,0,0,0,0,1,0,0
1338x2782,0,0,0,0,0,0,0,0,1,0,0,0,0,0,0
1373x6021,1,0,0,0,0,0,0,0,0,0,0,0,0,0,0
1382x2384,0,0,0,0,0,0,1,0,0,0,0,0,0,0,0
1474x1644,0,0,0,0,0,0,0,0,1,0,0,0,0,0,0
1500x293,0,0,0,0,0,1,0,0,0,0,0,0,0,0,0
1580x763,0,0,0,0,0,0,0,0,1,0,0,0,0,0,0
1588x535,1,0,0,0,0,0,0,0,0,0,0,0,0,0,0
1627x5761,0,0,0,0,0,0,1,0,0,0,0,0,0,0,0
1707x565,0,0,0,0,0,0,1,0,0,0,0,0,0,0,0
1677x5560,0,0,0,0,0,0,1,0,0,0,0,0,0,0,0
1779x5697,0,0,0,0,0,0,1,0,0,0,0,0,0,0,0
1773x4571,0,0,0,0,0,0,0,0,0,1,0,0,0,0,0
1790x4707,0,0,0,0,0,0,0,0,0,0,1,0,0,0,0
1830x5552,0,0,0,0,1,0,0,0,0,0,0,0,0,0,0
1794x5436,0,0,0,0,0,0,0,0,1,0,0,0,0,0,0
1911x4654,0,0,0,0,0,0,0,0,0,0,0,1,0,0,0
1932x5445,0,0,0,0,0,0,0,0,0,0,0,1,0,0,0
1978x5613,0,0,0,0,0,0,0,0,1,0,0,0,0,0,0
1980x6074,0,0,0,0,0,0,0,0,0,0,1,0,0,0,0
2003x3832,0,0,0,0,0,0,0,0,0,0,1,0,0,0,0
2040x5814,0,0,0,0,0,0,0,0,0,0,1,0,0,0,0
2050x4659,0,0,0,0,0,0,0,0,1,0,0,0,0,0,0
2066x2105,0,0,0,0,0,1,0,0,0,0,0,0,0,0,0
2085x390,0,0,0,0,0,0,0,0,1,0,0,0,0,0,0
2097x4378,1,0,0,0,0,0,0,0,0,0,0,0,0,0,0
2152x5956,0,0,0,0,0,0,0,0,0,0,1,0,0,0,0
2160x4870,1,0,0,0,0,0,0,0,0,0,0,0,0,0,0
2221x5691,0,0,0,0,0,0,0,0,0,0,1,0,0,0,0
2217x6516,0,0,0,0,0,0,0,0,0,0,1,0,0,0,0
2248x5871,0,0,0,0,0,0,0,0,0,0,1,0,0,0,0
2239x1154,0,0,0,0,0,0,0,0,0,0,0,0,1,0,0
2297x3080,0,0,0,0,0,0,0,0,0,0,1,0,0,0,0
2302x3966,0,0,0,0,0,0,0,0,0,0,1,0,0,0,0
2343x1019,0,0,0,1,0,0,0,0,0,0,0,0,0,0,0
2374x198,0,0,1,0,0,0,0,0,0,0,0,0,0,0,0
2362x3504,0,0,0,0,0,0,0,0,0,1,0,0,0,0,0
2390x3361,0,0,0,0,0,0,0,0,0,0,1,0,0,0,0
2433x2760,0,0,1,0,0,0,0,0,0,0,0,0,0,0,0
2393x1440,0,0,0,0,0,0,1,0,0,0,0,0,0,0,0
2458x2908,0,0,0,0,0,0,0,0,1,0,0,0,0,0,0
2438x4101,0,0,0,0,0,0,0,0,0,0,1,0,0,0,0
2474x3930,0,0,0,0,0,0,0,0,0,0,1,0,0,0,0
2469x1334,0,0,0,0,0,0,1,0,0,0,0,0,0,0,0
2497x4564,0,0,0,0,0,0,0,0,0,0,1,0,0,0,0
2536x3651,0,0,1,0,0,0,0,0,0,0,0,0,0,0,0
2465x4370,0,0,0,0,0,0,0,0,0,0,1,0,0,0,0
2523x1100,0,0,0,0,0,0,0,0,1,0,0,0,0,0,0
2552x6051,0,0,0,0,0,0,0,0,0,0,1,0,0,0,0
2566x445,0,0,1,0,0,0,0,0,0,0,0,0,0,0,0
2558x2591,0,0,0,0,0,0,0,0,0,1,0,0,0,0,0
2607x167,0,0,0,0,0,0,0,0,1,0,0,0,0,0,0
2602x2274,0,0,0,0,0,0,0,0,0,1,0,0,0,0,0
2625x6297,0,0,0,0,0,0,0,0,0,0,1,0,0,0,0
2661x4921,0,0,0,0,0,0,0,0,0,0,0,1,0,0,0
2671x2028,0,0,0,0,0,0,0,0,0,0,0,1,0,0,0
2647x5842,0,0,0,0,0,0,0,0,0,0,1,0,0,0,0
2698x4476,0,0,0,0,0,0,0,0,0,0,1,0,0,0,0
2725x1229,0,0,0,0,0,0,0,0,0,0,1,0,0,0,0
2729x2571,0,0,0,0,0,0,0,0,0,0,1,0,0,0,0
2717x5480,0,0,0,0,1,0,0,0,0,0,0,0,0,0,0
2739x2192,0,0,0,0,0,0,0,0,0,0,0,1,0,0,0
2724x5212,0,0,0,0,0,0,0,0,1,0,0,0,0,0,0
2771x925,0,0,0,0,0,0,0,0,0,0,1,0,0,0,0
2779x3387,0,0,0,0,0,0,0,0,1,0,0,0,0,0,0
2794x549,0,0,0,0,0,0,0,0,0,0,1,0,0,0,0
2825x158,0,0,0,1,0,0,0,0,0,0,0,0,0,0,0
2818x3935,0,0,0,0,0,0,0,0,0,0,1,0,0,0,0
2825x353,0,0,0,0,0,0,0,0,0,0,1,0,0,0,0
2835x4736,0,0,0,0,0,0,0,0,0,0,1,0,0,0,0
2852x5446,0,0,0,0,1,0,0,0,0,0,0,0,0,0,0
2877x61,1,0,0,0,0,0,0,0,0,0,0,0,0,0,0
2863x4900,0,0,0,0,0,0,0,0,0,0,1,0,0,0,0
2862x3238,0,0,0,0,0,0,0,0,0,0,1,0,0,0,0
2867x6410,0,0,0,0,0,0,0,0,0,0,1,0,0,0,0
2912x2915,0,0,0,0,0,0,0,0,0,0,1,0,0,0,0
2863x6239,0,0,0,0,0,0,0,0,0,0,1,0,0,0,0
2882x1230,0,0,0,0,0,0,0,0,0,0,1,0,0,0,0
2854x6016,0,0,0,0,0,0,0,0,0,0,1,0,0,0,0
2892x3781,0,0,0,0,0,0,0,0,0,0,1,0,0,0,0
2900x4518,0,0,0,0,0,0,0,0,0,0,1,0,0,0,0
2944x3399,0,0,0,0,0,0,0,0,0,0,0,0,1,0,0
2908x1593,0,0,0,0,0,0,0,0,0,0,1,0,0,0,0
2933x2191,0,0,1,0,0,0,0,0,0,0,0,0,0,0,0
3023x6550,0,0,0,0,0,0,0,0,0,0,1,0,0,0,0
2927x3132,0,0,0,0,0,0,0,0,1,0,0,0,0,0,0
2971x1902,0,0,0,0,0,0,0,0,0,1,0,0,0,0,0
2957x960,0,0,0,0,0,0,0,0,0,0,1,0,0,0,0
2975x4177,0,0,0,0,0,0,0,0,0,0,1,0,0,0,0
2997x392,0,0,1,0,0,0,0,0,0,0,0,0,0,0,0
2984x795,0,0,0,0,0,0,0,0,0,0,1,0,0,0,0
3005x607,0,0,0,0,0,0,0,0,0,0,1,0,0,0,0
3008x6107,0,0,0,0,0,0,0,0,0,0,1,0,0,0,0
3015x2375,0,0,0,0,0,0,0,0,0,0,1,0,0,0,0
3035x4607,0,0,0,0,0,0,0,0,0,0,0,1,0,0,0
3010x5742,0,0,0,0,0,0,0,0,0,0,1,0,0,0,0
3051x5364,0,0,0,0,0,0,0,0,0,0,1,0,0,0,0
3088x4056,0,0,0,0,0,0,0,0,0,0,1,0,0,0,0
3088x5969,0,0,0,0,0,0,0,0,0,0,1,0,0,0,0
3098x269,0,0,0,0,0,0,0,0,0,0,1,0,0,0,0
3085x1874,0,0,0,0,0,0,0,0,0,1,0,0,0,0,0
3073x2687,0,0,0,0,0,0,0,0,0,0,1,0,0,0,0
3074x3903,0,0,0,0,0,0,0,0,0,0,1,0,0,0,0
3112x704,0,0,0,0,0,0,0,0,0,0,1,0,0,0,0
3112x1238,1,0,0,0,0,0,0,0,0,0,0,0,0,0,0
3100x1519,1,0,0,0,0,0,0,0,0,0,0,0,0,0,0
3096x4775,0,0,0,0,0,0,0,0,0,0,1,0,0,0,0
3113x5229,0,0,0,0,0,0,0,0,0,0,1,0,0,0,0
3130x3026,0,0,0,0,0,0,0,0,1,0,0,0,0,0,0
3143x1724,0,0,1,0,0,0,0,0,0,0,0,0,0,0,0
3143x4443,0,0,0,0,0,0,0,0,0,0,1,0,0,0,0
3176x1111,0,0,0,0,0,0,0,0,0,0,1,0,0,0,0
3167x4598,0,0,0,0,0,0,0,0,0,0,1,0,0,0,0
3194x6122,0,0,0,0,0,0,0,0,0,0,1,0,0,0,0
3192x1436,0,0,0,0,0,0,0,0,0,0,1,0,0,0,0
3202x973,0,0,0,0,0,0,0,0,0,0,1,0,0,0,0
3179x2424,0,0,0,0,0,0,0,0,0,0,1,0,0,0,0
3203x3174,0,0,0,0,1,0,0,0,0,0,0,0,0,0,0
3190x4995,0,0,0,0,0,0,0,0,0,0,1,0,0,0,0
3234x4222,0,0,0,0,0,0,0,0,0,0,1,0,0,0,0
3259x2762,0,0,0,0,0,0,0,0,0,0,1,0,0,0,0
3263x3474,0,0,0,0,0,0,0,0,0,0,1,0,0,0,0
3262x3332,0,0,0,0,0,0,1,0,0,0,0,0,0,0,0
3277x2545,0,0,0,0,0,0,0,0,0,0,1,0,0,0,0
3268x5634,0,0,0,0,0,0,0,0,0,0,1,0,0,0,0
3294x327,0,0,0,0,0,0,0,0,0,0,1,0,0,0,0
3274x5349,0,0,0,0,0,0,0,0,0,0,1,0,0,0,0
3308x5144,1,0,0,0,0,0,0,0,0,0,0,0,0,0,0
3320x3713,0,0,0,0,0,0,0,0,0,0,1,0,0,0,0
3336x3835,0,0,0,0,0,0,0,0,0,0,1,0,0,0,0
3341x655,0,0,0,0,0,0,0,0,0,0,1,0,0,0,0
3380x2391,0,0,0,0,0,0,0,0,0,0,0,0,1,0,0
3362x4758,0,0,0,0,0,0,0,0,0,0,1,0,0,0,0
3383x1553,0,0,0,0,0,0,0,0,0,0,1,0,0,0,0
3373x6292,0,0,0,0,0,0,0,0,0,0,1,0,0,0,0
3406x3143,0,0,0,0,0,0,0,0,0,0,1,0,0,0,0
3396x4003,0,0,0,0,0,0,0,0,1,0,0,0,0,0,0
3427x4113,0,0,0,0,0,0,0,0,1,0,0,0,0,0,0
3421x873,0,0,0,0,0,0,0,0,1,0,0,0,0,0,0
3425x528,0,0,0,0,0,0,0,0,0,0,1,0,0,0,0
3434x376,0,0,0,0,0,0,0,0,0,0,0,0,1,0,0
3431x4466,0,0,0,0,0,0,0,0,0,0,1,0,0,0,0
3420x5073,1,0,0,0,0,0,0,0,0,0,0,0,0,0,0
3421x1822,0,0,1,0,0,0,0,0,0,0,0,0,0,0,0
3441x6025,0,0,0,0,0,0,0,0,0,0,1,0,0,0,0
3421x6152,0,0,0,0,0,0,0,0,1,0,0,0,0,0,0
3464x2983,0,0,0,0,0,0,0,0,0,0,1,0,0,0,0
3580x1656,0,0,0,0,0,0,0,0,1,0,0,0,0,0,0
3587x397,0,0,0,0,0,0,0,0,0,0,1,0,0,0,0
3628x1800,0,0,0,0,0,0,0,0,1,0,0,0,0,0,0
3619x6082,0,0,0,0,0,1,0,0,0,0,0,0,0,0,0
3641x5149,0,0,0,0,0,0,0,0,0,0,1,0,0,0,0
3645x4345,0,0,0,0,0,0,0,0,0,0,0,0,1,0,0
3613x2488,0,0,0,0,0,0,0,0,0,0,1,0,0,0,0
3648x3506,0,0,0,0,0,0,0,0,0,0,1,0,0,0,0
3630x6532,0,0,0,0,0,0,1,0,0,0,0,0,0,0,0
3659x4953,0,0,0,0,0,0,0,0,0,0,1,0,0,0,0
3653x3697,0,0,0,0,0,0,0,0,0,0,0,0,1,0,0
3686x4486,0,0,0,0,0,0,0,0,0,0,1,0,0,0,0
3655x1397,0,0,0,0,0,0,0,0,0,0,1,0,0,0,0
3702x5848,0,0,0,0,0,0,0,0,1,0,0,0,0,0,0
3655x6350,0,0,0,0,0,0,0,0,0,0,1,0,0,0,0
3690x5449,0,0,0,0,0,0,0,0,0,0,1,0,0,0,0
3698x105,0,0,0,0,0,0,0,0,0,0,1,0,0,0,0
3719x752,0,0,1,0,0,0,0,0,0,0,0,0,0,0,0
3706x4678,0,0,0,0,0,0,0,0,0,0,1,0,0,0,0
3787x317,0,0,0,0,0,0,0,0,0,0,1,0,0,0,0
3790x3862,0,0,0,0,0,0,0,0,0,0,1,0,0,0,0
3759x2286,1,0,0,0,0,0,0,0,0,0,0,0,0,0,0
3803x4061,0,0,0,0,0,0,0,0,0,0,0,1,0,0,0
3792x6474,0,0,0,0,0,0,0,0,0,0,1,0,0,0,0
3789x971,0,0,0,0,0,0,0,0,1,0,0,0,0,0,0
3786x2622,0,0,0,0,1,0,0,0,0,0,0,0,0,0,0
3848x2821,0,0,1,0,0,0,0,0,0,0,0,0,0,0,0
3879x3094,0,0,0,0,0,0,0,0,0,0,1,0,0,0,0
3877x6004,0,0,0,0,0,0,0,0,0,0,1,0,0,0,0
3863x2947,0,0,1,0,0,0,0,0,0,0,0,0,0,0,0
3852x6212,0,0,0,0,0,0,0,0,1,0,0,0,0,0,0
3885x44,0,0,0,0,0,0,0,0,0,0,0,0,1,0,0
3910x4988,0,0,0,0,0,0,0,0,0,0,1,0,0,0,0
3906x162,0,0,0,0,0,0,0,0,0,0,1,0,0,0,0
3935x1658,0,1,0,0,0,0,0,0,0,0,0,0,0,0,0
3949x2550,0,0,0,0,0,0,0,0,0,0,1,0,0,0,0
3929x866,0,0,1,0,0,0,0,0,0,0,0,0,0,0,0
3942x5852,0,0,0,0,0,0,0,0,0,0,1,0,0,0,0
3921x521,0,0,0,0,0,0,0,0,0,0,1,0,0,0,0
3946x3418,0,0,0,1,0,0,0,0,0,0,0,0,0,0,0
4046x6156,0,0,0,0,0,0,0,0,1,0,0,0,0,0,0
4010x2199,0,0,0,0,1,0,0,0,0,0,0,0,0,0,0
4011x1856,0,0,1,0,0,0,0,0,0,0,0,0,0,0,0
4104x3176,0,0,0,0,0,0,0,0,0,0,1,0,0,0,0
4110x3916,0,0,0,0,0,0,0,0,1,0,0,0,0,0,0
4148x4731,0,0,0,0,0,0,0,0,1,0,0,0,0,0,0
4134x2938,0,0,0,0,0,0,0,0,0,0,0,1,0,0,0
4193x1414,0,0,1,0,0,0,0,0,0,0,0,0,0,0,0
4111x1126,0,0,0,0,0,0,0,0,0,0,1,0,0,0,0
4147x817,0,0,1,0,0,0,0,0,0,0,0,0,0,0,0
4170x5234,0,0,0,0,0,0,0,0,1,0,0,0,0,0,0
4193x581,0,0,0,0,0,0,0,0,0,0,0,1,0,0,0
4177x391,0,0,0,0,0,0,0,0,0,0,0,0,1,0,0
4222x6445,0,0,0,0,0,0,0,0,0,0,1,0,0,0,0
4264x3064,0,0,0,0,0,0,0,0,0,0,1,0,0,0,0
4317x2949,0,0,1,0,0,0,0,0,0,0,0,0,0,0,0
4251x3369,0,0,0,0,0,0,0,0,0,0,1,0,0,0,0
4294x5323,0,0,0,0,0,0,0,0,1,0,0,0,0,0,0
4331x2129,0,0,1,0,0,0,0,0,0,0,0,0,0,0,0
4290x6213,0,0,0,0,0,0,0,0,1,0,0,0,0,0,0
4351x2853,0,0,0,0,0,0,0,0,0,0,0,1,0,0,0
4363x1752,0,0,1,0,0,0,0,0,0,0,0,0,0,0,0
4320x4331,0,0,0,0,0,0,0,0,0,0,0,0,1,0,0
4342x5127,0,1,0,0,0,0,0,0,0,0,0,0,0,0,0
4354x4957,0,0,1,0,0,0,0,0,0,0,0,0,0,0,0
4404x1201,0,0,0,0,0,0,0,0,0,0,0,1,0,0,0
4412x5841,0,0,0,0,0,0,0,0,0,0,0,1,0,0,0
4427x102,0,0,1,0,0,0,0,0,0,0,0,0,0,0,0
4417x4209,0,0,0,0,0,0,0,0,0,0,0,1,0,0,0
4406x4605,0,0,0,0,0,0,0,0,0,0,0,1,0,0,0
4418x6558,1,0,0,0,0,0,0,0,0,0,0,0,0,0,0
4453x768,0,0,1,0,0,0,0,0,0,0,0,0,0,0,0
4444x6068,0,0,0,0,0,0,0,0,1,0,0,0,0,0,0
4490x995,0,0,1,0,0,0,0,0,0,0,0,0,0,0,0
4509x4475,0,0,0,0,0,0,0,0,0,0,0,1,0,0,0
4501x6314,0,0,1,0,0,0,0,0,0,0,0,0,0,0,0
4509x477,0,0,0,0,0,0,0,0,0,0,0,0,1,0,0
4515x1507,1,0,0,0,0,0,0,0,0,0,0,0,0,0,0
4525x2809,0,0,1,0,0,0,0,0,0,0,0,0,0,0,0
4522x3291,0,0,0,0,0,0,0,0,0,0,0,0,1,0,0
4520x6201,0,0,0,0,0,0,0,0,1,0,0,0,0,0,0
4561x6531,0,0,0,0,0,0,0,0,0,0,0,0,1,0,0
4538x5661,0,0,0,0,0,0,0,0,0,0,0,1,0,0,0
4578x4102,0,0,0,1,0,0,0,0,0,0,0,0,0,0,0
4646x3158,0,0,0,0,0,0,0,0,0,0,0,1,0,0,0
4593x5086,0,0,1,0,0,0,0,0,0,0,0,0,0,0,0
4577x2257,0,0,0,0,0,0,0,0,0,0,0,0,1,0,0
4609x2041,0,0,1,0,0,0,0,0,0,0,0,0,0,0,0
4615x6185,0,1,0,0,0,0,0,0,0,0,0,0,0,0,0
4656x617,0,0,1,0,0,0,0,0,0,0,0,0,0,0,0
4675x2612,0,0,0,0,0,0,0,0,0,1,0,0,0,0,0
4677x2451,0,0,1,0,0,0,0,0,0,0,0,0,0,0,0
4711x829,0,0,0,0,0,0,0,0,1,0,0,0,0,0,0
4702x1078,1,0,0,0,0,0,0,0,0,0,0,0,0,0,0
4730x6199,0,0,1,0,0,0,0,0,0,0,0,0,0,0,0
4722x5834,0,0,0,0,0,0,0,0,0,0,0,1,0,0,0
4737x1470,1,0,0,0,0,0,0,0,0,0,0,0,0,0,0
4728x4505,1,0,0,0,0,0,0,0,0,0,0,0,0,0,0
4755x6309,0,0,0,0,0,0,0,0,0,0,0,1,0,0,0
4780x4823,0,0,1,0,0,0,0,0,0,0,0,0,0,0,0
4769x5498,1,0,0,0,0,0,0,0,0,0,0,0,0,0,0
4759x6556,0,0,0,0,0,1,0,0,0,0,0,0,0,0,0
4799x391,0,0,0,0,0,0,0,0,0,0,0,0,1,0,0
4796x2187,0,0,0,0,0,0,0,0,0,0,1,0,0,0,0
4821x6409,0,0,0,0,0,0,0,0,1,0,0,0,0,0,0
4821x2058,0,0,0,0,0,0,0,0,1,0,0,0,0,0,0
4868x1712,0,0,0,0,0,0,0,0,0,0,0,0,1,0,0
4886x6558,0,0,0,0,0,0,0,0,0,0,0,1,0,0,0
4888x1406,0,0,0,0,0,0,0,0,0,0,0,1,0,0,0
4914x2319,0,0,1,0,0,0,0,0,0,0,0,0,0,0,0
4880x3244,0,0,0,0,0,0,0,0,0,0,1,0,0,0,0
4898x5182,0,0,0,1,0,0,0,0,0,0,0,0,0,0,0
4913x4474,0,0,0,0,0,0,0,0,0,0,0,0,1,0,0
4898x2888,0,0,1,0,0,0,0,0,0,0,0,0,0,0,0
4936x829,0,0,1,0,0,0,0,0,0,0,0,0,0,0,0
4913x2596,0,0,1,0,0,0,0,0,0,0,0,0,0,0,0
5000x1627,0,0,0,0,0,0,0,0,1,0,0,0,0,0,0
4983x4954,0,0,0,0,0,0,0,0,0,0,0,1,0,0,0
4963x2490,0,0,1,0,0,0,0,0,0,0,0,0,0,0,0
5002x1786,0,0,0,0,0,0,0,0,0,0,0,0,1,0,0
4980x96,0,0,0,0,0,0,0,0,0,0,0,0,1,0,0
5041x4133,0,0,0,0,0,0,0,0,0,0,0,0,1,0,0
5045x3740,0,0,1,0,0,0,0,0,0,0,0,0,0,0,0
5051x2803,0,0,0,0,0,0,0,0,0,0,0,0,1,0,0
5055x3181,0,0,0,0,0,0,0,0,0,0,0,0,1,0,0
5096x2148,0,0,1,0,0,0,0,0,0,0,0,0,0,0,0
5094x4775,0,0,0,0,0,0,0,0,0,0,0,1,0,0,0
5113x619,0,0,0,0,0,0,0,0,0,0,0,0,1,0,0
5094x394,0,0,0,0,0,0,0,0,0,0,0,0,1,0,0
5124x1121,0,0,0,0,0,0,0,0,0,0,0,0,1,0,0
5139x50,0,0,1,0,0,0,0,0,0,0,0,0,0,0,0
5153x2303,0,0,1,0,0,0,0,0,0,0,0,0,0,0,0
5154x1409,0,0,0,0,0,0,0,0,0,0,0,0,1,0,0
5145x1696,0,0,0,0,0,0,0,0,0,0,0,0,1,0,0
5178x1998,0,0,0,0,0,0,0,0,0,0,0,0,1,0,0
5186x5580,0,0,0,0,0,0,0,0,1,0,0,0,0,0,0
5189x4385,0,0,0,0,0,0,0,0,0,0,0,0,1,0,0
5201x3099,0,0,0,0,0,0,0,0,0,0,0,0,1,0,0
5186x4112,0,0,1,0,0,0,0,0,0,0,0,0,0,0,0
5243x5879,0,0,1,0,0,0,0,0,0,0,0,0,0,0,0
5231x737,0,0,0,0,0,0,0,0,0,0,0,0,1,0,0
5243x1017,0,0,0,0,0,0,0,0,1,0,0,0,0,0,0
5273x4597,0,0,0,0,1,0,0,0,0,0,0,0,0,0,0
5279x5177,0,0,0,0,0,0,0,0,0,0,0,0,1,0,0
5291x2416,0,0,0,0,0,0,0,0,0,0,0,0,1,0,0
5314x87,0,0,0,0,0,0,0,0,0,0,0,0,1,0,0
5319x2241,0,0,1,0,0,0,0,0,0,0,0,0,0,0,0
5330x1293,0,0,0,0,0,0,0,0,0,0,0,0,1,0,0
5355x3077,1,0,0,0,0,0,0,0,0,0,0,0,0,0,0
5360x4876,0,0,0,0,0,0,0,0,0,0,0,0,1,0,0
5403x417,0,0,0,0,0,0,0,0,0,0,0,0,1,0,0
5371x2120,0,0,1,0,0,0,0,0,0,0,0,0,0,0,0
5376x5991,0,0,0,0,0,0,0,0,0,0,0,1,0,0,0
5428x942,0,1,0,0,0,0,0,0,0,0,0,0,0,0,0
5428x1497,1,0,0,0,0,0,0,0,0,0,0,0,0,0,0
5418x2692,0,0,0,0,0,0,0,0,0,0,0,0,1,0,0
5431x4016,0,0,0,0,0,0,0,0,0,0,0,0,1,0,0
5448x5679,1,0,0,0,0,0,0,0,0,0,0,0,0,0,0
5438x6275,0,0,0,0,0,0,0,0,0,0,0,1,0,0,0
5448x4742,0,0,1,0,0,0,0,0,0,0,0,0,0,0,0
5450x2532,0,0,1,0,0,0,0,0,0,0,0,0,0,0,0
5482x6537,0,0,0,0,0,0,0,0,0,0,0,0,1,0,0
5510x588,0,0,0,0,0,0,0,0,0,1,0,0,0,0,0
5466x5485,1,0,0,0,0,0,0,0,0,0,0,0,0,0,0
5493x2206,0,0,1,0,0,0,0,0,0,0,0,0,0,0,0
5461x4504,0,0,0,0,0,0,0,0,0,0,0,0,1,0,0
5482x87,0,0,0,0,0,0,0,0,0,0,0,0,1,0,0
5491x3281,0,0,0,0,0,0,0,0,0,0,0,0,1,0,0
5555x6436,0,0,0,0,0,0,0,0,0,0,0,0,1,0,0
5559x1562,0,0,0,0,0,0,0,0,0,0,0,0,1,0,0
5583x2411,0,0,0,0,0,0,0,0,0,0,0,1,0,0,0
5593x3498,0,0,0,0,0,0,0,0,0,0,0,0,1,0,0
5632x5770,0,0,0,0,0,0,0,0,0,0,0,1,0,0,0
5619x5657,0,0,1,0,0,0,0,0,0,0,0,0,0,0,0
5599x3954,0,0,0,0,0,0,0,0,0,0,0,0,1,0,0
5612x292,0,0,0,0,0,0,0,0,0,0,0,0,1,0,0
5631x3737,0,0,0,0,0,0,0,0,1,0,0,0,0,0,0
5681x6145,0,0,1,0,0,0,0,0,0,0,0,0,0,0,0
5662x6307,0,0,1,0,0,0,0,0,0,0,0,0,0,0,0
5668x3633,0,0,0,0,0,0,0,0,0,0,0,0,1,0,0
5711x1512,0,0,0,0,0,0,0,0,0,0,0,0,1,0,0
5702x1014,0,0,0,0,0,0,0,0,0,0,0,0,1,0,0
5658x1919,0,0,0,0,0,0,0,0,0,0,0,0,1,0,0
5701x4417,0,1,0,0,0,0,0,0,0,0,0,0,0,0,0
5781x5642,0,0,1,0,0,0,0,0,0,0,0,0,0,0,0
5764x5362,0,0,0,0,0,0,0,0,0,0,0,0,0,0,1
5731x5479,0,0,1,0,0,0,0,0,0,0,0,0,0,0,0
5779x3451,0,0,0,0,0,0,0,0,1,0,0,0,0,0,0
5776x6525,0,0,0,0,0,0,0,0,0,0,0,1,0,0,0
5821x1752,0,1,0,0,0,0,0,0,0,0,0,0,0,0,0
5811x4163,0,0,0,0,0,0,0,0,1,0,0,0,0,0,0
5848x2581,0,0,0,0,0,0,0,0,0,0,0,0,1,0,0
5909x305,0,0,0,0,0,0,0,0,0,0,0,1,0,0,0
5889x622,0,0,0,0,0,0,0,0,0,0,0,0,1,0,0
5922x4711,0,0,0,0,0,0,0,0,0,0,0,0,1,0,0
5894x2305,0,1,0,0,0,0,0,0,0,0,0,0,0,0,0
5905x6243,0,0,1,0,0,0,0,0,0,0,0,0,0,0,0
5939x80,0,0,0,0,0,0,0,0,0,0,0,0,1,0,0
5888x2786,0,0,0,0,0,0,0,0,0,0,0,0,1,0,0
5948x1002,1,0,0,0,0,0,0,0,0,0,0,0,0,0,0
5939x3880,0,0,0,0,0,0,0,0,1,0,0,0,0,0,0
5953x6564,0,0,0,0,0,0,0,1,0,0,0,0,0,0,0
5955x5965,1,0,0,0,0,0,0,0,0,0,0,0,0,0,0
5994x5408,0,0,0,0,0,0,0,0,0,0,0,0,1,0,0
6021x3016,0,0,0,0,0,0,0,0,1,0,0,0,0,0,0
6005x3517,0,0,0,0,0,0,0,0,0,0,0,0,1,0,0
6030x4939,0,0,1,0,0,0,0,0,0,0,0,0,0,0,0
6074x781,0,0,0,0,0,0,0,0,0,0,0,0,1,0,0
6105x6383,0,0,0,0,0,0,0,0,1,0,0,0,0,0,0
6094x5061,0,0,0,0,0,0,0,0,1,0,0,0,0,0,0
6115x992,0,0,0,1,0,0,0,0,0,0,0,0,0,0,0
6079x3758,0,0,0,0,0,0,0,0,0,0,0,0,1,0,0
6094x4647,0,0,0,0,0,0,0,0,0,0,0,0,1,0,0
6143x486,0,0,0,0,0,0,0,0,0,0,0,0,1,0,0
6143x3946,0,0,1,0,0,0,0,0,0,0,0,0,0,0,0
6137x4270,0,0,0,0,0,0,0,0,0,0,0,0,1,0,0
6166x182,1,0,0,0,0,0,0,0,0,0,0,0,0,0,0
6167x2093,0,0,0,0,0,0,0,0,0,0,0,0,0,1,0
6187x3159,0,0,1,0,0,0,0,0,0,0,0,0,0,0,0
6134x4528,0,0,0,0,0,0,0,0,0,0,0,0,1,0,0
6202x6460,0,0,0,0,0,0,0,0,1,0,0,0,0,0,0
6199x3407,0,0,0,0,0,0,0,0,0,0,0,0,1,0,0
6205x5339,0,0,0,0,0,0,0,0,0,0,0,0,0,1,0
6225x2330,0,0,1,0,0,0,0,0,0,0,0,0,0,0,0
6220x4754,0,0,1,0,0,0,0,0,0,0,0,0,0,0,0
6236x3042,0,0,0,0,0,0,0,0,0,0,0,0,1,0,0
6222x1421,0,0,1,0,0,0,0,0,0,0,0,0,0,0,0
6247x2900,0,0,0,0,0,0,0,0,0,0,0,0,1,0,0
6264x3661,0,0,0,0,0,0,0,0,0,0,0,0,1,0,0
6246x59,0,0,0,0,0,0,0,0,0,0,0,0,1,0,0
6247x1655,0,0,0,0,0,0,0,0,0,0,0,0,1,0,0
6250x2593,0,0,0,0,0,0,0,0,0,0,0,0,1,0,0
6328x6531,0,0,0,0,0,0,0,0,1,0,0,0,0,0,0
6290x906,0,0,0,0,0,0,0,0,0,0,0,0,1,0,0
6309x1956,0,0,1,0,0,0,0,0,0,0,0,0,0,0,0
6332x241,0,0,0,0,0,0,0,0,0,0,0,0,1,0,0
6334x594,0,0,0,0,0,0,0,0,0,0,0,0,1,0,0
6360x5715,0,0,0,0,0,0,0,0,0,0,1,0,0,0,0
6372x759,0,0,0,0,0,1,0,0,0,0,0,0,0,0,0
6410x4263,0,0,1,0,0,0,0,0,0,0,0,0,0,0,0
6387x3978,0,0,1,0,0,0,0,0,0,0,0,0,0,0,0
6393x1039,0,0,0,0,0,0,0,0,0,0,0,1,0,0,0
6430x1387,0,0,1,0,0,0,0,0,0,0,0,0,0,0,0
6424x5478,0,0,0,0,0,0,0,0,0,1,0,0,0,0,0
6427x1767,0,0,0,0,0,0,0,1,0,0,0,0,0,0,0
6462x4800,0,0,0,0,0,0,0,0,0,0,0,0,1,0,0
6468x547,0,0,0,0,0,0,0,0,0,0,0,0,1,0,0
6510x5425,0,0,0,0,0,0,0,0,0,1,0,0,0,0,0
6475x2334,0,0,1,0,0,0,0,0,0,0,0,0,0,0,0
6503x2894,0,0,0,0,0,0,0,0,0,0,0,1,0,0,0
6536x5114,0,0,0,0,0,0,0,0,0,0,0,0,1,0,0
6523x5293,0,0,0,0,0,0,0,0,1,0,0,0,0,0,0
6504x3342,0,0,0,0,0,0,0,0,0,0,0,0,1,0,0
6511x3125,0,0,1,0,0,0,0,0,0,0,0,0,0,0,0
6560x4077,0,0,0,1,0,0,0,0,0,0,0,0,0,0,0
6545x1902,0,0,0,0,0,0,0,0,0,0,0,0,1,0,0
6594x4311,0,0,0,0,0,0,0,0,0,0,0,0,0,0,1
6577x643,0,0,0,0,1,0,0,0,0,0,0,0,0,0,0
6624x816,1,0,0,0,0,0,0,0,0,0,0,0,0,0,0
6621x1033,0,0,0,0,0,0,0,0,1,0,0,0,0,0,0
6644x536,0,0,0,0,0,0,0,0,0,0,0,0,1,0,0
6625x1557,0,0,0,0,0,0,0,0,0,0,0,0,1,0,0
6620x2556,0,0,0,1,0,0,0,0,0,0,0,0,0,0,0
6670x3524,1,0,0,0,0,0,0,0,0,0,0,0,0,0,0
6720x6350,0,0,0,0,0,0,0,0,0,0,0,0,1,0,0
6687x5928,0,0,1,0,0,0,0,0,0,0,0,0,0,0,0
6666x5782,0,0,0,0,0,0,0,0,0,0,0,0,1,0,0
6732x307,1,0,0,0,0,0,0,0,0,0,0,0,0,0,0
6706x1938,0,0,0,1,0,0,0,0,0,0,0,0,0,0,0
6768x64,0,0,0,0,0,0,0,1,0,0,0,0,0,0,0
6740x2320,0,1,0,0,0,0,0,0,0,0,0,0,0,0,0
6777x1731,0,0,0,0,0,0,0,0,0,0,0,0,0,1,0
6746x2473,0,0,0,1,0,0,0,0,0,0,0,0,0,0,0
6754x1365,0,0,0,0,0,0,0,1,0,0,0,0,0,0,0
6758x5596,0,0,0,0,0,0,0,0,1,0,0,0,0,0,0
6804x817,0,0,0,0,0,0,0,0,0,0,0,0,1,0,0
6778x2159,0,0,1,0,0,0,0,0,0,0,0,0,0,0,0
6806x5357,0,0,0,0,0,0,0,0,0,0,0,1,0,0,0
6884x3850,0,0,0,0,0,0,0,0,1,0,0,0,0,0,0
6848x1228,0,0,1,0,0,0,0,0,0,0,0,0,0,0,0
6850x6425,0,0,0,0,0,0,0,0,1,0,0,0,0,0,0
6839x4239,0,0,0,0,0,1,0,0,0,0,0,0,0,0,0
6853x2626,0,0,1,0,0,0,0,0,0,0,0,0,0,0,0
6867x2250,0,0,0,0,0,0,0,0,1,0,0,0,0,0,0
6856x3145,0,0,1,0,0,0,0,0,0,0,0,0,0,0,0
6878x2479,0,0,0,0,0,0,0,0,0,0,0,0,0,1,0
6890x4968,0,0,0,0,0,0,0,0,0,0,0,1,0,0,0
6882x2771,0,0,0,0,0,0,0,0,0,0,0,0,0,1,0
6887x5983,0,0,0,0,0,1,0,0,0,0,0,0,0,0,0
6935x2004,0,0,0,0,0,0,0,0,0,1,0,0,0,0,0
6954x1028,0,0,0,0,0,0,0,0,1,0,0,0,0,0,0
6964x5590,0,0,1,0,0,0,0,0,0,0,0,0,0,0,0
7032x2286,0,0,0,0,0,0,0,0,0,0,0,0,0,0,1
7022x5955,0,0,0,0,0,0,0,0,0,0,0,0,0,0,1
7049x1785,0,0,0,0,0,0,0,0,0,0,0,0,1,0,0
7050x3608,0,0,1,0,0,0,0,0,0,0,0,0,0,0,0
7034x1336,0,0,0,0,0,0,0,0,0,0,0,0,1,0,0
7034x5818,0,0,0,0,0,0,0,0,0,0,0,0,0,0,1
7050x5249,0,0,0,0,0,0,0,1,0,0,0,0,0,0,0
7016x37,1,0,0,0,0,0,0,0,0,0,0,0,0,0,0
7065x5491,0,0,0,0,0,0,0,0,1,0,0,0,0,0,0
7049x5038,0,0,1,0,0,0,0,0,0,0,0,0,0,0,0
7066x6505,0,0,0,0,0,0,0,0,0,0,0,1,0,0,0
7077x6376,0,0,0,0,0,0,0,0,0,0,0,1,0,0,0
7069x1203,1,0,0,0,0,0,0,0,0,0,0,0,0,0,0
7103x2716,0,0,1,0,0,0,0,0,0,0,0,0,0,0,0
7079x2941,1,0,0,0,0,0,0,0,0,0,0,0,0,0,0
7122x3489,0,0,0,0,1,0,0,0,0,0,0,0,0,0,0
7101x211,0,0,0,0,0,0,0,0,0,0,0,0,1,0,0
7142x1738,0,0,0,0,0,0,0,0,0,0,0,0,1,0,0
7168x3147,1,0,0,0,0,0,0,0,0,0,0,0,0,0,0
7245x4079,0,0,0,0,1,0,0,0,0,0,0,0,0,0,0
7189x5040,0,0,1,0,0,0,0,0,0,0,0,0,0,0,0
7192x4785,0,0,1,0,0,0,0,0,0,0,0,0,0,0,0
7217x998,0,0,0,1,0,0,0,0,0,0,0,0,0,0,0
7185x3787,0,0,0,0,0,0,0,0,0,0,0,0,1,0,0
7218x6295,0,0,0,0,0,0,0,0,0,0,0,0,1,0,0
7255x2876,0,0,1,0,0,0,0,0,0,0,0,0,0,0,0
7230x140,0,0,0,0,0,0,0,0,0,0,0,0,1,0,0
7243x1747,0,0,0,0,0,0,0,0,0,0,0,0,1,0,0
7289x1526,0,0,0,0,0,0,0,0,0,0,0,0,1,0,0
7273x3669,0,0,0,0,0,0,0,0,0,0,0,0,1,0,0
7276x3406,0,0,0,0,0,0,0,0,0,0,0,0,0,1,0
7288x5972,0,0,0,0,0,0,0,0,0,0,0,0,0,1,0
7287x4385,0,0,0,0,0,0,0,0,1,0,0,0,0,0,0
7336x267,0,0,0,0,0,0,0,0,0,0,0,0,1,0,0
7327x2258,0,0,0,0,0,0,0,0,1,0,0,0,0,0,0
7318x4701,0,0,0,0,0,0,0,0,0,0,0,1,0,0,0
7337x5539,0,1,0,0,0,0,0,0,0,0,0,0,0,0,0
7341x642,0,0,0,0,0,0,0,0,0,0,0,0,1,0,0
7343x760,0,0,0,0,0,0,0,0,0,0,0,0,1,0,0
7399x5200,0,0,1,0,0,0,0,0,0,0,0,0,0,0,0
7416x4296,0,0,0,1,0,0,0,0,0,0,0,0,0,0,0
7450x5974,0,0,1,0,0,0,0,0,0,0,0,0,0,0,0
7452x1216,0,0,0,0,0,0,0,0,0,0,0,0,1,0,0
7419x3586,0,0,1,0,0,0,0,0,0,0,0,0,0,0,0
7436x5550,0,0,0,0,0,0,0,0,0,0,0,0,1,0,0
7435x889,0,0,0,0,0,0,0,0,0,0,0,0,1,0,0
7463x2857,0,0,0,0,0,0,0,0,0,0,0,0,1,0,0
7480x3059,0,0,0,0,0,0,0,0,1,0,0,0,0,0,0
7493x1821,0,0,0,0,0,0,0,0,0,0,0,0,1,0,0
7488x2066,0,0,0,0,0,0,0,0,0,0,0,0,1,0,0
7486x4529,0,0,0,0,0,0,0,0,0,0,0,0,0,1,0
7481x3491,0,0,0,0,0,0,0,0,0,0,0,0,0,1,0
7491x4949,0,0,1,0,0,0,0,0,0,0,0,0,0,0,0
7501x3374,0,0,0,0,0,0,0,0,0,0,0,0,1,0,0
7545x3184,0,0,0,0,0,0,0,0,0,0,0,0,0,1,0
7553x4805,0,0,1,0,0,0,0,0,0,0,0,0,0,0,0
7585x5404,0,0,0,0,0,0,0,0,0,0,0,0,1,0,0
7594x3785,0,0,0,0,0,0,0,1,0,0,0,0,0,0,0
7626x3553,0,0,1,0,0,0,0,0,0,0,0,0,0,0,0
7630x840,1,0,0,0,0,0,0,0,0,0,0,0,0,0,0
7638x5833,0,0,1,0,0,0,0,0,0,0,0,0,0,0,0
7666x1719,0,0,0,0,0,0,0,0,0,0,0,0,1,0,0
7687x2425,1,0,0,0,0,0,0,0,0,0,0,0,0,0,0
7661x1334,0,0,0,0,0,0,0,0,0,0,0,0,1,0,0
7695x1534,0,0,0,0,0,0,0,0,0,0,0,0,1,0,0
7692x3692,0,0,0,0,0,0,1,0,0,0,0,0,0,0,0
7682x3184,0,0,1,0,0,0,0,0,0,0,0,0,0,0,0
7696x5082,0,0,1,0,0,0,0,0,0,0,0,0,0,0,0
7694x3986,0,0,1,0,0,0,0,0,0,0,0,0,0,0,0
7728x5660,0,0,1,0,0,0,0,0,0,0,0,0,0,0,0
7727x3393,0,0,1,0,0,0,0,0,0,0,0,0,0,0,0
7749x890,0,0,1,0,0,0,0,0,0,0,0,0,0,0,0
7704x6299,0,0,1,0,0,0,0,0,0,0,0,0,0,0,0
7786x4156,0,0,1,0,0,0,0,0,0,0,0,0,0,0,0
7778x115,0,0,0,0,0,0,0,0,1,0,0,0,0,0,0
7812x5358,0,0,0,0,0,0,0,0,0,0,0,0,1,0,0
7855x6485,0,0,1,0,0,0,0,0,0,0,0,0,0,0,0
7822x6115,0,0,0,0,0,0,0,0,0,0,0,0,0,0,1
7853x5827,0,0,0,0,0,0,0,0,0,0,0,0,1,0,0
7830x3053,0,0,0,0,0,0,0,0,0,0,0,0,1,0,0
7837x3199,0,0,0,0,0,0,0,0,1,0,0,0,0,0,0
7858x3974,0,0,1,0,0,0,0,0,0,0,0,0,0,0,0
7884x5506,0,0,0,0,0,0,0,0,0,0,0,0,1,0,0
7876x1013,0,0,0,0,0,0,0,1,0,0,0,0,0,0,0
7909x3348,0,0,0,0,0,0,0,0,1,0,0,0,0,0,0
7915x2535,0,0,0,1,0,0,0,0,0,0,0,0,0,0,0
7934x6170,0,0,0,0,0,0,0,0,0,0,0,0,1,0,0
7932x3844,0,0,1,0,0,0,0,0,0,0,0,0,0,0,0
7933x37,0,0,0,0,0,0,0,0,0,0,0,0,1,0,0
7882x372,1,0,0,0,0,0,0,0,0,0,0,0,0,0,0
7946x1497,0,0,0,0,0,0,0,0,0,0,0,0,1,0,0
7953x6003,0,0,0,1,0,0,0,0,0,0,0,0,0,0,0
7983x5275,0,0,0,0,0,0,0,0,0,0,0,0,1,0,0
7989x5025,0,0,0,0,0,0,0,0,0,0,0,0,0,0,1
7964x4619,0,0,0,0,0,0,0,0,0,0,0,0,1,0,0
8034x806,0,0,1,0,0,0,0,0,0,0,0,0,0,0,0
8026x4010,0,0,0,0,1,0,0,0,0,0,0,0,0,0,0
8052x1708,0,0,0,0,0,0,0,0,1,0,0,0,0,0,0
8114x4738,0,0,0,0,0,0,0,0,0,0,0,0,1,0,0
8066x3105,0,0,0,0,0,0,0,0,0,0,0,0,1,0,0
8083x590,0,0,0,0,0,0,0,0,0,0,0,0,1,0,0
8079x1393,1,0,0,0,0,0,0,0,0,0,0,0,0,0,0
8140x4470,0,0,0,0,0,0,0,0,0,0,0,0,1,0,0
8149x5788,0,0,0,0,0,0,0,0,0,0,0,0,1,0,0
8158x4980,0,0,0,1,0,0,0,0,0,0,0,0,0,0,0
8200x56,0,0,0,0,0,0,0,0,0,0,0,0,1,0,0
8135x2832,0,0,0,0,0,0,0,0,0,0,1,0,0,0,0
8194x6123,0,1,0,0,0,0,0,0,0,0,0,0,0,0,0
8185x2707,0,0,0,0,0,0,0,0,0,0,0,0,1,0,0
8199x2052,0,0,0,0,1,0,0,0,0,0,0,0,0,0,0
8207x2584,0,0,0,0,0,0,0,0,0,0,0,0,0,0,1
8248x233,0,0,0,0,0,0,0,0,0,0,0,0,1,0,0
8236x1114,0,0,0,0,0,0,0,0,0,0,0,0,1,0,0
8258x3102,0,0,0,0,0,0,0,0,0,0,0,0,0,0,1
8289x3842,0,0,0,0,0,0,0,0,0,0,0,1,0,0,0
8275x5976,1,0,0,0,0,0,0,0,0,0,0,0,0,0,0
8331x3367,0,0,0,0,0,0,0,0,0,0,0,0,0,1,0
8303x6343,0,0,0,0,0,0,0,0,0,0,0,0,1,0,0
8346x1624,0,0,0,0,0,0,0,0,0,0,0,0,1,0,0
8335x6533,0,0,0,0,1,0,0,0,0,0,0,0,0,0,0
8360x5509,0,0,0,1,0,0,0,0,0,0,0,0,0,0,0
8312x1225,0,0,0,0,0,1,0,0,0,0,0,0,0,0,0
8361x4205,0,1,0,0,0,0,0,0,0,0,0,0,0,0,0
8359x4080,0,0,1,0,0,0,0,0,0,0,0,0,0,0,0
8419x2297,0,0,0,0,0,0,0,0,0,0,0,0,0,1,0
8399x329,1,0,0,0,0,0,0,0,0,0,0,0,0,0,0
8451x2836,0,0,0,1,0,0,0,0,0,0,0,0,0,0,0
8470x3640,0,0,0,0,0,0,0,0,0,0,0,0,0,1,0
8473x5775,0,0,0,0,0,0,0,0,0,0,0,1,0,0,0
8477x4809,0,1,0,0,0,0,0,0,0,0,0,0,0,0,0
8454x6055,0,0,0,0,0,0,0,0,0,0,0,0,1,0,0
8476x2443,0,0,0,0,0,0,0,0,0,0,0,0,1,0,0
8497x3044,0,0,0,1,0,0,0,0,0,0,0,0,0,0,0
8539x2558,0,0,0,0,0,0,0,0,0,0,0,0,0,1,0
8526x1515,0,0,0,1,0,0,0,0,0,0,0,0,0,0,0
8581x155,0,0,0,0,0,0,0,1,0,0,0,0,0,0,0
8611x2925,0,0,0,0,0,0,0,0,0,0,0,0,1,0,0
8607x4846,0,0,0,0,0,0,0,0,1,0,0,0,0,0,0
8556x4495,0,0,0,0,0,0,0,0,0,0,0,0,1,0,0
8603x3892,0,0,0,1,0,0,0,0,0,0,0,0,0,0,0
8618x1664,0,0,0,0,0,0,0,0,0,0,0,0,1,0,0
8614x3707,0,0,0,0,0,0,0,0,0,0,0,0,1,0,0
8643x2179,0,0,0,0,0,0,0,0,0,0,0,1,0,0,0
8623x5369,0,0,0,0,0,0,0,0,0,0,0,0,1,0,0
8698x4621,0,0,0,0,0,0,0,0,1,0,0,0,0,0,0
8664x5941,0,0,1,0,0,0,0,0,0,0,0,0,0,0,0
8678x82,0,0,0,1,0,0,0,0,0,0,0,0,0,0,0
8686x6320,0,0,0,1,0,0,0,0,0,0,0,0,0,0,0
8679x1420,0,0,1,0,0,0,0,0,0,0,0,0,0,0,0
8678x946,1,0,0,0,0,0,0,0,0,0,0,0,0,0,0
8703x1827,0,0,0,0,0,0,0,0,1,0,0,0,0,0,0
8710x4023,0,0,0,1,0,0,0,0,0,0,0,0,0,0,0
8733x613,0,0,0,1,0,0,0,0,0,0,0,0,0,0,0
8728x3069,0,0,0,0,0,0,0,0,0,0,0,0,0,1,0
8744x4168,0,0,0,1,0,0,0,0,0,0,0,0,0,0,0
8743x770,0,0,0,1,0,0,0,0,0,0,0,0,0,0,0
8743x1136,0,0,0,0,0,0,0,1,0,0,0,0,0,0,0
8777x124,0,0,1,0,0,0,0,0,0,0,0,0,0,0,0
8781x6195,0,0,0,1,0,0,0,0,0,0,0,0,0,0,0
8786x2802,0,0,1,0,0,0,0,0,0,0,0,0,0,0,0
8773x4433,0,0,1,0,0,0,0,0,0,0,0,0,0,0,0
8796x4832,0,0,0,0,1,0,0,0,0,0,0,0,0,0,0
8820x2470,0,0,0,0,0,0,0,0,0,0,0,0,1,0,0
8813x5852,0,0,0,0,0,0,0,0,0,0,0,0,1,0,0
8819x2235,0,0,0,0,0,0,0,0,0,0,0,0,1,0,0
8822x3738,0,0,1,0,0,0,0,0,0,0,0,0,0,0,0
8819x3594,0,0,0,0,0,0,0,0,0,0,0,1,0,0,0
8797x3386,0,0,1,0,0,0,0,0,0,0,0,0,0,0,0
8867x3489,0,0,1,0,0,0,0,0,0,0,0,0,0,0,0
8875x594,0,0,0,0,0,0,1,0,0,0,0,0,0,0,0
8894x6359,1,0,0,0,0,0,0,0,0,0,0,0,0,0,0
8875x6008,0,0,1,0,0,0,0,0,0,0,0,0,0,0,0
8887x1432,0,0,0,0,0,0,0,0,0,0,0,0,0,0,1
8916x6531,1,0,0,0,0,0,0,0,0,0,0,0,0,0,0
8923x1247,0,0,0,0,0,0,0,0,0,0,0,0,0,0,1
8946x2348,0,0,0,1,0,0,0,0,0,0,0,0,0,0,0
8928x2670,0,0,0,0,0,0,0,0,0,0,0,0,0,0,1
8930x3853,0,0,0,0,0,0,0,0,0,0,1,0,0,0,0
8920x4505,0,0,0,0,0,0,0,0,0,0,0,1,0,0,0
8932x4779,0,0,0,0,0,0,0,0,0,0,0,0,0,1,0
8966x5336,0,0,0,1,0,0,0,0,0,0,0,0,0,0,0
8996x3608,0,0,0,1,0,0,0,0,0,0,0,0,0,0,0
8985x5907,0,0,1,0,0,0,0,0,0,0,0,0,0,0,0
8992x2921,0,0,0,0,0,0,0,0,0,0,0,0,0,1,0
9009x6131,0,0,1,0,0,0,0,0,0,0,0,0,0,0,0
9008x177,0,0,0,0,0,0,0,0,0,0,0,0,0,0,1
9011x4455,0,0,1,0,0,0,0,0,0,0,0,0,0,0,0
9007x3109,0,0,0,0,0,0,0,0,0,0,0,0,0,1,0
9010x4297,0,0,0,1,0,0,0,0,0,0,0,0,0,0,0
9003x2037,0,0,0,0,0,0,0,0,0,0,0,0,0,1,0
9029x5522,0,0,1,0,0,0,0,0,0,0,0,0,0,0,0
9023x873,0,0,0,0,0,0,0,0,0,0,0,0,0,1,0
9065x3801,0,0,1,0,0,0,0,0,0,0,0,0,0,0,0
9060x4759,0,0,0,0,0,0,0,0,0,0,0,0,0,1,0
9061x533,0,0,0,0,0,0,0,0,0,0,0,0,0,1,0
9073x4601,0,0,1,0,0,0,0,0,0,0,0,0,0,0,0
9054x1016,0,0,0,0,1,0,0,0,0,0,0,0,0,0,0
9009x1773,0,0,0,0,0,1,0,0,0,0,0,0,0,0,0
9085x328,0,0,0,0,0,0,0,0,0,0,0,0,0,1,0
9084x5769,0,0,0,0,0,0,0,0,0,0,0,0,0,1,0
9124x1491,0,0,0,0,0,0,0,0,0,0,0,0,0,1,0
9101x2215,0,0,0,0,0,0,0,0,0,0,0,0,0,1,0
9155x4280,0,0,0,0,0,0,0,0,0,0,0,0,0,1,0
9136x4945,0,0,0,0,0,0,0,0,0,0,0,0,0,1,0
9152x803,0,0,0,0,0,0,0,0,0,0,0,0,0,1,0
9163x3289,0,0,0,0,0,0,0,0,0,0,0,0,0,1,0
9180x1655,0,0,0,0,0,0,0,0,0,0,0,0,1,0,0
9144x2782,0,0,0,0,0,0,0,0,0,0,0,0,0,1,0
9169x6309,0,0,0,0,0,0,0,0,0,0,0,0,1,0,0
9161x6468,0,0,0,0,0,0,0,0,0,0,0,0,1,0,0
9166x4064,0,0,0,0,0,0,0,0,0,0,0,0,0,0,1
9195x3709,0,0,1,0,0,0,0,0,0,0,0,0,0,0,0
9246x3435,0,0,0,0,0,0,0,0,0,0,0,0,0,1,0
9198x34,0,0,0,0,0,0,0,0,0,0,0,0,1,0,0
9216x670,0,0,0,0,0,0,0,0,0,0,0,0,0,1,0
9212x4693,0,0,0,0,0,0,0,0,0,0,0,0,0,1,0
9232x5515,0,0,0,0,0,0,0,0,0,0,0,0,0,1,0
9245x425,1,0,0,0,0,0,0,0,0,0,0,0,0,0,0
9251x2722,0,0,0,0,0,0,0,0,0,0,0,0,0,1,0
9251x6548,0,0,0,0,0,0,0,0,0,0,0,0,0,1,0
9286x3986,0,0,0,0,0,0,0,0,0,0,0,0,0,0,1
9266x4521,0,0,0,0,1,0,0,0,0,0,0,0,0,0,0
9267x5864,0,0,1,0,0,0,0,0,0,0,0,0,0,0,0
9291x3238,0,0,0,0,0,0,0,0,0,0,0,0,0,1,0
9279x2121,0,0,0,0,0,0,0,0,0,0,0,0,0,1,0
9315x2315,0,0,0,0,0,0,0,0,1,0,0,0,0,0,0
9305x574,0,0,0,0,0,0,0,0,0,0,0,0,0,1,0
9289x1378,1,0,0,0,0,0,0,0,0,0,0,0,0,0,0
9322x4949,0,0,1,0,0,0,0,0,0,0,0,0,0,0,0
9304x4365,0,0,0,0,0,0,0,0,0,0,0,1,0,0,0
9328x6135,0,0,0,0,0,0,0,0,0,0,0,1,0,0,0
9285x1189,0,0,0,0,0,0,1,0,0,0,0,0,0,0,0
9321x1553,0,0,0,0,0,0,0,0,0,0,0,0,0,1,0
9323x2986,0,0,0,0,0,0,0,0,0,0,0,0,0,1,0
9307x5719,0,0,0,0,0,0,0,0,1,0,0,0,0,0,0
9315x4204,0,0,1,0,0,0,0,0,0,0,0,0,0,0,0
9335x1961,0,0,0,0,0,0,0,0,0,0,0,0,1,0,0
9348x5214,0,0,0,0,0,0,0,0,0,0,0,0,1,0,0
9370x2764,0,0,1,0,0,0,0,0,0,0,0,0,0,0,0
9392x176,0,0,0,0,0,0,0,0,0,0,0,0,0,1,0
9369x765,0,1,0,0,0,0,0,0,0,0,0,0,0,0,0
9401x2557,1,0,0,0,0,0,0,0,0,0,0,0,0,0,0
9425x4764,0,0,1,0,0,0,0,0,0,0,0,0,0,0,0
9426x1351,0,0,0,0,0,0,0,0,0,0,0,0,0,1,0
9404x3490,0,0,0,0,0,0,0,0,0,0,0,0,0,1,0
9450x4611,0,0,1,0,0,0,0,0,0,0,0,0,0,0,0
9444x5402,0,0,0,0,0,0,0,0,0,0,0,0,0,1,0
9449x971,0,0,0,0,0,0,0,0,0,0,0,0,0,1,0
9460x3679,0,0,0,0,0,0,0,0,0,0,0,0,0,1,0
9474x3855,0,0,0,0,0,0,0,0,0,0,0,0,0,1,0
9481x1143,0,0,0,0,0,0,0,0,0,0,0,0,0,1,0
9482x2637,0,0,0,0,0,0,0,0,1,0,0,0,0,0,0
9520x5028,0,0,0,0,0,0,0,1,0,0,0,0,0,0,0
9500x4327,0,0,0,0,0,0,0,0,0,0,0,0,0,1,0
9506x2749,0,0,0,0,0,0,0,1,0,0,0,0,0,0,0
9536x2487,0,0,0,0,0,0,0,0,0,0,0,0,0,1,0
9515x4179,0,0,0,0,0,0,0,0,0,0,0,0,0,0,1
9515x374,0,0,0,0,0,0,0,0,1,0,0,0,0,0,0
9559x5243,1,0,0,0,0,0,0,0,0,0,0,0,0,0,0
9542x6540,0,1,0,0,0,0,0,0,0,0,0,0,0,0,0
9582x5711,0,0,0,0,0,0,0,0,0,0,0,0,0,0,1
9590x3979,0,0,0,0,0,0,0,0,0,0,0,0,0,1,0
9568x30,0,0,0,0,0,0,0,0,0,0,0,0,0,0,1
9606x1948,0,0,0,0,0,0,0,0,0,0,0,0,0,1,0
9614x3061,0,0,0,0,0,0,0,0,0,0,0,0,0,1,0
9609x3830,0,0,0,0,0,1,0,0,0,0,0,0,0,0,0
9617x3670,0,0,0,0,0,0,0,0,0,0,0,0,0,1,0
9642x2637,0,0,0,0,0,0,0,0,0,0,0,0,0,1,0
9629x6534,0,1,0,0,0,0,0,0,0,0,0,0,0,0,0
9657x3200,0,0,0,0,0,0,0,0,0,0,0,0,0,1,0
9645x2909,0,0,0,0,0,0,0,0,0,0,0,0,0,0,1
9662x379,0,0,0,0,0,0,0,0,0,0,0,0,0,1,0
9679x3370,0,0,0,0,0,0,0,0,0,0,0,0,0,1,0
9690x4283,0,0,0,0,0,0,0,0,0,0,0,0,0,1,0
9688x4984,0,0,1,0,0,0,0,0,0,0,0,0,0,0,0
9711x3767,0,0,0,0,0,0,0,0,0,0,0,0,0,1,0
9704x6171,0,0,0,0,0,1,0,0,0,0,0,0,0,0,0
9710x2088,0,0,0,0,0,0,0,0,0,0,0,0,0,0,1
9701x6388,1,0,0,0,0,0,0,0,0,0,0,0,0,0,0
9736x2501,0,0,0,0,0,0,0,0,0,0,0,0,0,1,0
9788x2842,0,0,0,0,0,0,0,0,0,0,0,0,0,1,0
9802x640,0,0,1,0,0,0,0,0,0,0,0,0,0,0,0
9818x4914,0,0,0,0,0,0,0,0,0,0,0,0,0,1,0
9795x2188,0,0,0,0,0,0,0,0,0,0,0,0,0,0,1
9844x4034,0,0,0,0,0,0,0,0,0,1,0,0,0,0,0
9857x1538,1,0,0,0,0,0,0,0,0,0,0,0,0,0,0
9829x2667,0,0,0,0,0,0,0,0,0,0,0,0,0,1,0
9842x5682,0,0,0,0,0,0,0,0,0,0,0,0,0,1,0
9834x795,0,0,0,0,0,0,0,0,0,0,0,0,0,1,0
9867x3229,0,0,0,0,0,0,0,0,0,0,0,0,0,1,0
9852x5788,0,0,0,0,0,0,0,0,0,0,0,0,0,1,0
9850x2291,0,0,0,0,0,0,0,0,0,0,0,0,0,1,0
9870x307,0,0,0,0,0,0,0,0,0,0,0,0,0,1,0
9918x4534,0,0,1,0,0,0,0,0,0,0,0,0,0,0,0
9859x5547,0,0,1,0,0,0,0,0,0,0,0,0,0,0,0
9933x5163,0,0,0,0,0,0,0,0,0,0,0,0,0,1,0
9928x6191,0,0,0,0,0,0,0,0,0,0,0,0,0,0,1
9940x2600,0,0,0,0,0,0,0,0,0,0,0,0,0,0,1
9972x4797,0,0,0,0,0,0,0,0,0,0,0,0,0,1,0
9969x4111,0,0,0,0,0,0,0,0,0,0,0,0,0,0,1
9980x878,0,1,0,0,0,0,0,0,0,0,0,0,0,0,0
9972x2149,0,0,0,0,0,0,0,0,0,0,0,0,0,0,1
9978x3589,0,0,0,0,0,0,0,0,0,0,0,0,0,1,0
9973x2465,0,0,0,0,0,0,0,0,0,0,0,0,0,1,0
10020x4994,0,0,0,0,0,0,0,0,0,0,0,0,0,0,1
10039x2976,0,0,0,0,0,0,0,0,0,0,0,0,0,1,0
10032x6251,0,0,0,0,0,0,0,0,0,0,0,0,0,1,0
10035x1730,0,0,0,0,0,0,0,0,0,0,0,0,0,1,0
10028x188,1,0,0,0,0,0,0,0,0,0,0,0,0,0,0
10099x518,0,0,0,0,0,1,0,0,0,0,0,0,0,0,0
10064x3961,0,0,0,0,0,0,0,0,0,0,0,0,0,1,0
10064x3816,0,0,1,0,0,0,0,0,0,0,0,0,0,0,0
10090x2603,0,0,0,0,0,0,0,0,0,0,0,0,0,1,0
10099x2082,0,0,0,0,0,0,0,0,0,0,0,0,0,1,0
10158x4844,0,0,1,0,0,0,0,0,0,0,0,0,0,0,0
10113x4413,0,0,0,0,0,0,0,0,0,0,0,0,0,0,1
10133x4070,0,0,0,0,0,0,0,0,0,0,0,0,0,1,0
10152x4253,0,0,0,0,0,0,0,0,0,0,0,0,0,1,0
10173x5771,1,0,0,0,0,0,0,0,0,0,0,0,0,0,0
10160x2906,0,0,0,0,0,0,0,0,0,0,0,0,0,1,0
10164x3250,0,0,0,0,0,0,0,0,0,0,0,0,0,0,1
10171x6240,0,0,0,0,0,0,0,0,0,0,0,0,0,0,1
10171x1347,1,0,0,0,0,0,0,0,0,0,0,0,0,0,0
10187x1519,0,0,0,0,0,0,0,0,0,0,0,0,1,0,0
10209x5199,0,0,0,0,0,0,0,0,0,0,0,0,0,0,1
10230x2686,0,0,0,0,0,0,0,0,0,0,0,0,0,0,1
10208x3829,0,0,0,0,0,0,0,0,0,0,0,0,0,1,0
10223x5418,0,0,0,0,0,0,0,0,0,0,0,0,0,1,0
10239x1714,0,0,0,0,0,0,0,0,0,0,0,0,0,1,0
10213x6556,1,0,0,0,0,0,0,0,0,0,0,0,0,0,0
10223x3462,0,0,0,0,0,0,0,0,0,0,0,0,0,0,1
10202x5939,0,0,0,0,0,0,0,0,0,0,0,0,0,1,0
10269x4084,0,0,0,0,0,0,0,0,0,0,0,0,0,1,0
10282x2995,0,0,0,0,0,0,0,0,0,0,0,0,0,1,0
10305x6186,0,0,0,0,0,0,0,0,0,0,0,0,0,1,0
10303x2429,0,0,0,0,0,0,0,0,0,0,0,0,0,0,1
10322x5525,0,0,0,0,0,0,0,0,0,0,0,0,0,0,1
10326x3754,0,0,0,0,0,1,0,0,0,0,0,0,0,0,0
10321x4284,0,0,0,0,0,0,0,0,0,0,0,0,0,1,0
10318x4552,0,0,0,0,0,0,0,0,0,0,0,0,0,1,0
10313x440,0,0,0,0,0,0,0,0,0,0,0,0,0,0,1
10315x158,0,0,0,0,0,0,0,0,0,0,0,0,0,0,1
10381x1099,0,0,0,0,0,0,0,0,0,0,0,0,0,1,0
10368x894,0,0,0,0,0,0,1,0,0,0,0,0,0,0,0
10361x1435,0,0,0,0,0,0,0,0,0,0,0,0,0,1,0
10348x2077,0,0,0,0,0,1,0,0,0,0,0,0,0,0,0
10372x4402,0,0,0,0,0,0,0,0,0,0,0,0,0,1,0
10388x2883,0,0,0,0,0,0,0,0,0,0,0,0,0,1,0
10435x5344,0,0,0,0,0,0,0,0,0,0,0,0,0,1,0
10427x5962,0,0,0,0,0,0,0,0,0,0,0,0,0,1,0
10440x325,0,0,0,0,0,0,0,0,0,0,0,0,0,0,1
10426x5100,0,0,0,0,0,0,0,0,0,0,0,0,0,1,0
10454x1996,0,0,0,0,0,0,0,0,1,0,0,0,0,0,0
10429x1802,0,0,0,0,0,0,0,0,0,0,0,0,0,1,0
10466x4529,0,0,0,0,0,0,0,0,0,0,0,0,0,1,0
10465x176,0,0,0,0,0,0,0,0,0,0,0,0,0,0,1
10452x1590,0,0,0,0,0,0,0,0,0,0,0,0,0,1,0
10492x553,0,0,0,0,0,0,0,0,0,0,0,0,0,0,1
10522x3869,0,0,0,0,0,0,0,0,0,0,0,0,0,0,1
10534x4318,0,0,0,0,0,0,0,0,0,0,0,0,0,1,0
10533x2347,0,0,0,0,0,0,0,0,0,0,0,0,0,0,1
10548x3616,0,0,0,0,0,0,0,0,0,0,0,0,0,0,1
10534x6120,0,0,0,0,0,0,0,0,0,0,0,0,0,0,1
10581x1482,0,0,0,0,0,0,0,0,0,0,0,0,0,1,0
10577x4004,0,0,1,0,0,0,0,0,0,0,0,0,0,0,0
10588x1815,0,0,0,0,0,0,0,0,0,0,0,0,0,1,0
10596x1636,0,0,0,0,0,0,0,0,0,0,0,0,0,1,0
10571x1227,0,0,0,0,0,0,0,0,0,0,0,0,0,1,0
10608x2687,0,0,0,0,0,0,0,0,1,0,0,0,0,0,0
10610x2968,0,0,0,0,0,0,0,0,0,0,0,0,0,1,0
10608x3179,0,0,0,0,0,0,0,0,0,0,0,0,0,0,1
10615x4513,0,0,0,0,0,0,0,0,0,0,0,0,0,1,0
10653x5148,0,0,0,0,0,0,0,0,0,0,0,0,0,0,1
10684x2813,0,0,0,0,0,0,0,0,0,0,0,0,0,1,0
10659x1103,0,0,0,0,0,0,0,0,0,0,0,0,0,1,0
10683x357,0,0,0,0,0,0,0,0,0,0,0,0,0,1,0
10675x756,0,0,0,0,0,0,0,0,0,0,0,0,0,0,1
10680x612,0,0,0,0,0,0,0,0,0,0,0,0,0,1,0
10676x3780,0,0,0,0,0,0,0,0,0,0,0,0,0,1,0
10741x1699,0,0,0,0,0,0,0,0,0,0,0,0,0,1,0
10686x5564,0,0,0,0,0,0,0,1,0,0,0,0,0,0,0
10707x4835,0,0,0,0,0,0,0,0,0,0,0,0,0,1,0
10753x4478,0,0,0,0,0,0,0,0,0,0,0,0,0,1,0
10779x1527,0,0,0,0,0,0,0,0,0,0,0,0,0,1,0
10750x2145,0,0,0,0,0,0,0,0,1,0,0,0,0,0,0
10741x5399,0,0,0,0,0,0,0,1,0,0,0,0,0,0,0
10821x4676,0,0,0,0,0,0,0,0,0,0,0,0,0,1,0
10805x1152,0,0,0,0,0,0,0,0,0,0,0,0,1,0,0
10805x560,0,0,0,0,0,0,0,0,0,0,0,0,0,0,1
10833x1894,0,0,0,0,0,0,0,0,0,0,0,0,0,0,1
10846x5309,0,0,0,0,0,1,0,0,0,0,0,0,0,0,0
10853x5450,0,0,0,0,0,1,0,0,0,0,0,0,0,0,0
10851x2222,0,0,0,0,0,0,0,0,1,0,0,0,0,0,0
10857x971,0,0,0,0,0,0,0,0,0,0,0,0,0,1,0
10879x2051,0,0,0,0,0,0,0,0,0,0,0,0,0,0,1
10880x1281,0,0,0,0,0,0,0,0,1,0,0,0,0,0,0
10852x6490,1,0,0,0,0,0,0,0,0,0,0,0,0,0,0
10888x5622,0,0,1,0,0,0,0,0,0,0,0,0,0,0,0
10867x793,0,0,0,0,0,0,0,0,0,0,0,0,1,0,0
10880x5792,0,0,0,0,0,1,0,0,0,0,0,0,0,0,0
10886x3716,0,0,0,0,0,1,0,0,0,0,0,0,0,0,0
10903x3023,0,0,0,0,0,0,0,0,0,0,0,0,0,1,0
10927x3986,0,0,0,0,0,0,0,0,0,0,0,0,0,0,1
10917x276,0,0,0,0,0,0,0,0,0,0,0,0,0,0,1
10945x5319,0,0,0,0,0,0,0,0,0,0,0,0,0,1,0
10928x6395,1,0,0,0,0,0,0,0,0,0,0,0,0,0,0
10952x1930,0,0,0,0,0,1,0,0,0,0,0,0,0,0,0
10957x2578,0,0,0,0,0,0,0,0,0,0,0,0,0,0,1
10969x904,0,0,0,0,0,0,0,0,0,0,0,0,0,0,1
10969x3501,0,0,0,0,0,0,0,0,1,0,0,0,0,0,0
10981x703,0,0,0,0,0,0,0,0,0,0,0,0,0,1,0
11028x3821,0,0,0,0,0,0,0,0,0,0,0,0,1,0,0
11017x2306,1,0,0,0,0,0,0,0,0,0,0,0,0,0,0
11020x6067,0,0,1,0,0,0,0,0,0,0,0,0,0,0,0
11030x85,0,0,0,0,0,0,0,0,0,0,0,0,0,0,1
11028x1435,0,0,0,0,0,1,0,0,0,0,0,0,0,0,0
11026x3331,0,0,0,0,0,0,0,0,0,0,0,0,0,0,1
11041x4109,0,0,0,0,0,0,0,0,0,0,0,0,0,1,0
11029x5869,0,0,0,0,0,0,0,0,0,0,0,0,0,1,0
11041x5143,0,0,0,0,0,0,0,0,0,0,0,0,0,1,0
11047x3058,0,0,0,0,0,0,0,0,0,0,0,0,0,1,0
11083x4792,0,0,0,0,0,1,0,0,0,0,0,0,0,0,0
11029x6206,0,0,0,0,0,0,0,0,0,0,0,0,0,1,0
11060x356,0,0,0,0,0,0,0,0,0,0,0,0,0,0,1
11058x4423,0,0,0,0,0,0,0,0,0,0,0,0,0,1,0
11127x3219,0,0,0,0,0,1,0,0,0,0,0,0,0,0,0
11121x1278,0,0,0,0,0,0,0,0,0,0,0,0,0,0,1
11104x5675,0,0,0,1,0,0,0,0,0,0,0,0,0,0,0
11096x1801,0,0,0,0,0,1,0,0,0,0,0,0,0,0,0
11150x3321,0,0,0,0,0,1,0,0,0,0,0,0,0,0,0
11116x3610,0,0,0,0,0,0,0,0,0,0,0,0,0,0,1
11137x4990,0,0,0,0,0,0,0,0,0,0,0,0,0,1,0
11178x3037,0,0,0,0,0,0,0,0,0,0,0,0,0,0,1
11166x3428,0,0,0,0,0,0,0,0,0,0,0,0,0,1,0
11188x5949,0,0,0,0,0,0,0,0,0,0,0,0,0,1,0
11182x6514,0,0,0,0,0,0,0,0,0,0,0,0,0,1,0
11185x67,0,0,0,0,0,0,0,0,0,0,0,0,0,0,1
11172x3731,0,0,0,0,0,0,0,0,0,0,0,0,0,0,1
11202x4732,0,0,0,0,0,0,0,0,0,0,0,0,0,0,1
11186x449,0,0,0,0,0,0,0,0,0,0,0,0,0,1,0
11190x950,0,0,0,0,0,0,0,0,1,0,0,0,0,0,0
11198x5533,1,0,0,0,0,0,0,0,0,0,0,0,0,0,0
11238x3984,0,0,0,0,0,0,0,0,0,0,0,0,0,0,1
11259x3607,0,0,0,0,0,0,0,0,0,0,0,0,0,0,1
11237x4899,0,0,0,0,0,0,0,0,0,0,0,0,0,0,1
11241x5181,0,0,0,0,0,0,0,0,0,0,0,0,0,0,1
11251x4572,0,0,0,0,0,0,0,0,0,0,0,0,0,1,0
11279x1187,0,0,0,0,0,0,0,0,0,0,0,0,0,0,1
11277x3344,0,0,0,0,0,0,0,0,0,0,0,0,0,0,1
11308x6322,0,0,0,0,0,0,0,0,0,0,0,0,0,1,0
11295x4350,0,0,0,0,0,0,0,0,0,0,0,0,0,1,0
11304x2856,0,0,0,0,0,0,0,0,0,0,0,0,0,0,1
11325x5812,0,0,0,0,0,0,0,0,0,0,0,0,0,1,0
11321x5074,0,0,0,0,0,0,0,0,0,0,0,0,0,1,0
11352x5423,0,0,0,0,0,0,0,0,0,0,0,0,0,1,0
11360x5607,0,0,0,0,0,0,0,0,0,0,0,0,0,0,1
11360x4952,0,0,0,0,0,0,0,0,0,0,0,0,0,1,0
11435x3584,0,0,0,0,0,0,0,0,0,0,0,0,0,0,1
11383x4803,0,0,0,0,0,0,0,0,0,0,0,0,0,1,0
11375x3169,1,0,0,0,0,0,0,0,0,0,0,0,0,0,0
11403x3294,0,0,0,0,0,0,0,0,1,0,0,0,0,0,0
11413x4559,0,0,0,0,0,0,0,0,0,0,0,0,0,0,1
11425x1854,1,0,0,0,0,0,0,0,0,0,0,0,0,0,0
11407x2149,0,0,0,0,0,0,0,0,0,0,0,0,0,0,1
11408x3030,0,0,0,0,0,0,0,1,0,0,0,0,0,0,0
11422x4146,0,0,0,0,0,0,0,0,0,0,0,0,0,1,0
11440x3967,0,0,0,0,0,0,0,0,0,0,0,0,0,1,0
11432x6173,0,0,0,0,0,0,0,0,0,0,0,0,0,0,1
11456x6536,0,0,0,0,0,0,0,0,0,0,0,0,0,1,0
11444x41,0,0,0,0,0,0,0,0,1,0,0,0,0,0,0
11450x1247,0,0,0,0,0,1,0,0,0,0,0,0,0,0,0
11471x1747,0,0,0,0,0,1,0,0,0,0,0,0,0,0,0
11475x5835,0,0,0,0,0,0,0,0,0,0,0,0,0,1,0
11482x810,0,0,0,0,0,1,0,0,0,0,0,0,0,0,0
11510x2710,0,0,0,0,0,0,0,0,0,0,0,0,0,0,1
11537x5203,0,0,0,0,0,0,0,0,0,0,0,0,0,0,1
11528x5430,0,0,0,0,0,1,0,0,0,0,0,0,0,0,0
11548x2851,0,0,0,0,0,0,0,0,0,0,0,0,0,0,1
11572x639,0,0,0,0,0,1,0,0,0,0,0,0,0,0,0
11560x4415,0,0,0,0,0,0,0,0,0,0,0,0,0,0,1
11564x4607,0,0,0,0,0,0,0,0,0,0,0,0,0,0,1
11590x3982,0,0,0,0,0,1,0,0,0,0,0,0,0,0,0
11661x748,0,0,0,0,0,1,0,0,0,0,0,0,0,0,0
11614x5651,0,0,0,0,0,0,0,0,0,0,0,0,0,0,1
11659x5297,0,0,0,0,0,0,0,0,1,0,0,0,0,0,0
11629x2522,0,0,0,0,0,0,0,0,1,0,0,0,0,0,0
11680x6359,0,0,0,0,0,0,0,0,0,0,0,0,0,0,1
11689x3403,0,0,0,0,0,0,0,0,1,0,0,0,0,0,0
11676x4536,0,0,0,0,0,0,0,0,0,0,0,0,0,0,1
11662x299,1,0,0,0,0,0,0,0,0,0,0,0,0,0,0
11671x4835,0,0,0,0,0,0,0,0,0,0,0,0,0,0,1
11751x6498,0,0,0,0,1,0,0,0,0,0,0,0,0,0,0
11748x5709,0,0,0,0,0,0,0,0,0,1,0,0,0,0,0
11749x3000,0,0,0,0,0,1,0,0,0,0,0,0,0,0,0
11761x4453,0,0,0,0,0,0,0,0,0,0,0,0,0,0,1
11793x79,0,0,0,0,0,0,0,0,0,1,0,0,0,0,0
11824x1843,0,0,0,0,0,0,0,0,0,0,0,0,0,0,1
11815x1611,1,0,0,0,0,0,0,0,0,0,0,0,0,0,0
11819x968,0,0,0,0,0,0,0,0,1,0,0,0,0,0,0
11838x4917,0,0,0,0,0,0,0,0,0,0,0,0,0,0,1
11871x5050,1,0,0,0,0,0,0,0,0,0,0,0,0,0,0
11894x5874,1,0,0,0,0,0,0,0,0,0,0,0,0,0,0
11879x6101,0,0,0,0,0,0,1,0,0,0,0,0,0,0,0
11870x6288,0,0,0,0,0,0,0,0,0,0,0,0,0,0,1
11901x5185,0,0,0,1,0,0,0,0,0,0,0,0,0,0,0
11882x3575,0,0,0,0,0,1,0,0,0,0,0,0,0,0,0
11925x1684,0,0,0,0,0,0,0,0,0,0,1,0,0,0,0
11960x2500,0,0,0,0,0,0,0,0,1,0,0,0,0,0,0
11972x2572,0,0,0,0,0,1,0,0,0,0,0,0,0,0,0
11952x307,0,0,0,0,0,0,0,0,1,0,0,0,0,0,0
11984x6448,0,0,0,0,0,0,0,0,0,0,0,0,0,1,0
11994x975,0,0,0,0,0,0,0,0,0,0,0,0,0,0,1
12017x701,0,0,0,0,0,0,0,0,1,0,0,0,0,0,0
12022x4721,0,0,0,0,0,0,0,0,1,0,0,0,0,0,0
12042x6057,0,0,0,0,0,0,0,0,0,0,0,0,0,0,1
12057x524,1,0,0,0,0,0,0,0,0,0,0,0,0,0,0
12072x3534,1,0,0,0,0,0,0,0,0,0,0,0,0,0,0
12051x2693,0,0,0,0,0,0,0,1,0,0,0,0,0,0,0
12067x2418,0,0,0,0,0,0,0,0,1,0,0,0,0,0,0
12122x4307,0,0,0,0,0,0,0,0,1,0,0,0,0,0,0
12119x6366,0,0,0,0,0,0,0,0,0,0,0,0,0,0,1
12146x605,1,0,0,0,0,0,0,0,0,0,0,0,0,0,0
12151x4951,0,0,0,0,0,0,0,0,1,0,0,0,0,0,0
12172x3256,1,0,0,0,0,0,0,0,0,0,0,0,0,0,0
12178x1103,1,0,0,0,0,0,0,0,0,0,0,0,0,0,0
12180x6042,0,0,0,0,0,0,0,0,0,0,0,0,0,0,1
12173x6516,0,0,0,0,0,0,0,0,0,0,0,0,0,1,0
12165x414,0,0,0,0,0,0,0,1,0,0,0,0,0,0,0
12179x4203,0,0,0,0,0,1,0,0,0,0,0,0,0,0,0
12197x2880,0,0,0,0,0,0,0,0,0,0,0,0,0,0,1
12234x921,0,0,0,0,0,0,1,0,0,0,0,0,0,0,0
12214x741,0,0,0,0,0,0,0,0,0,0,0,0,0,1,0
12235x4876,0,0,0,0,0,0,0,0,1,0,0,0,0,0,0
12250x1559,0,0,0,0,0,1,0,0,0,0,0,0,0,0,0
12260x3042,0,0,0,0,0,1,0,0,0,0,0,0,0,0,0
12271x4981,0,0,0,0,0,0,0,0,1,0,0,0,0,0,0
12290x6336,0,0,0,0,0,0,0,0,0,0,0,0,0,1,0
12276x51,0,0,1,0,0,0,0,0,0,0,0,0,0,0,0
12295x3331,0,1,0,0,0,0,0,0,0,0,0,0,0,0,0
12261x1768,0,0,0,0,0,0,0,1,0,0,0,0,0,0,0
