"","z"
"69x4486","1"
"93x1063","1"
"143x3445","1"
"88x4092","1"
"120x4293","1"
"104x2648","1"
"105x2425","1"
"146x5387","1"
"107x3104","1"
"127x3822","1"
"259x4507","1"
"210x2935","1"
"241x3271","1"
"239x2631","1"
"281x3080","1"
"224x3566","1"
"221x4872","1"
"290x5270","1"
"276x5435","1"
"321x3949","1"
"339x2790","1"
"317x5119","1"
"342x5600","1"
"352x2563","1"
"372x1693","1"
"311x2357","1"
"385x5503","1"
"396x4972","1"
"388x5349","1"
"402x1331","1"
"409x4543","1"
"413x5757","1"
"393x4808","1"
"446x5944","1"
"462x5091","1"
"482x5413","1"
"482x5581","1"
"461x3050","1"
"471x5246","1"
"526x5768","1"
"555x1786","1"
"563x5971","1"
"526x6243","1"
"548x6495","1"
"554x6386","1"
"558x5137","1"
"561x6118","1"
"581x4471","1"
"599x5622","1"
"604x5412","1"
"598x6567","1"
"578x286","1"
"616x5239","1"
"652x6228","1"
"705x1715","1"
"732x5330","1"
"835x5264","1"
"871x1075","1"
"847x241","1"
"887x5359","1"
"949x787","1"
"906x2244","1"
"898x92","1"
"1023x284","1"
"1022x5565","1"
"1107x4892","1"
"1155x352","1"
"1219x6017","1"
"1225x5122","1"
"1249x136","1"
"1251x4565","1"
"1338x2782","1"
"1373x6021","1"
"1382x2384","1"
"1474x1644","1"
"1500x293","1"
"1580x763","1"
"1588x535","1"
"1627x5761","1"
"1707x565","1"
"1677x5560","1"
"1779x5697","1"
"1773x4571","1"
"1790x4707","1"
"1830x5552","1"
"1794x5436","1"
"1911x4654","2"
"1932x5445","2"
"1978x5613","2"
"1980x6074","2"
"2003x3832","2"
"2040x5814","2"
"2050x4659","2"
"2066x2105","2"
"2085x390","2"
"2097x4378","2"
"2152x5956","2"
"2160x4870","2"
"2221x5691","2"
"2217x6516","2"
"2248x5871","2"
"2239x1154","2"
"2297x3080","2"
"2302x3966","2"
"2343x1019","2"
"2374x198","2"
"2362x3504","2"
"2390x3361","2"
"2433x2760","2"
"2393x1440","2"
"2458x2908","2"
"2438x4101","2"
"2474x3930","2"
"2469x1334","2"
"2497x4564","2"
"2536x3651","2"
"2465x4370","2"
"2523x1100","2"
"2552x6051","2"
"2566x445","2"
"2558x2591","2"
"2607x167","2"
"2602x2274","2"
"2625x6297","2"
"2661x4921","2"
"2671x2028","2"
"2647x5842","2"
"2698x4476","2"
"2725x1229","2"
"2729x2571","2"
"2717x5480","2"
"2739x2192","2"
"2724x5212","2"
"2771x925","2"
"2779x3387","2"
"2794x549","2"
"2825x158","2"
"2818x3935","2"
"2825x353","2"
"2835x4736","2"
"2852x5446","2"
"2877x61","2"
"2863x4900","2"
"2862x3238","2"
"2867x6410","2"
"2912x2915","2"
"2863x6239","2"
"2882x1230","2"
"2854x6016","2"
"2892x3781","2"
"2900x4518","2"
"2944x3399","2"
"2908x1593","2"
"2933x2191","2"
"3023x6550","2"
"2927x3132","2"
"2971x1902","2"
"2957x960","2"
"2975x4177","2"
"2997x392","2"
"2984x795","2"
"3005x607","2"
"3008x6107","2"
"3015x2375","2"
"3035x4607","2"
"3010x5742","2"
"3051x5364","2"
"3088x4056","2"
"3088x5969","2"
"3098x269","2"
"3085x1874","2"
"3073x2687","2"
"3074x3903","2"
"3112x704","2"
"3112x1238","2"
"3100x1519","2"
"3096x4775","2"
"3113x5229","2"
"3130x3026","2"
"3143x1724","2"
"3143x4443","2"
"3176x1111","2"
"3167x4598","2"
"3194x6122","2"
"3192x1436","2"
"3202x973","2"
"3179x2424","2"
"3203x3174","2"
"3190x4995","2"
"3234x4222","2"
"3259x2762","2"
"3263x3474","2"
"3262x3332","2"
"3277x2545","2"
"3268x5634","2"
"3294x327","2"
"3274x5349","2"
"3308x5144","2"
"3320x3713","2"
"3336x3835","2"
"3341x655","2"
"3380x2391","2"
"3362x4758","2"
"3383x1553","2"
"3373x6292","2"
"3406x3143","2"
"3396x4003","2"
"3427x4113","2"
"3421x873","2"
"3425x528","2"
"3434x376","2"
"3431x4466","2"
"3420x5073","2"
"3421x1822","2"
"3441x6025","2"
"3421x6152","2"
"3464x2983","2"
"3580x1656","2"
"3587x397","2"
"3628x1800","2"
"3619x6082","2"
"3641x5149","2"
"3645x4345","2"
"3613x2488","2"
"3648x3506","2"
"3630x6532","2"
"3659x4953","2"
"3653x3697","2"
"3686x4486","2"
"3655x1397","2"
"3702x5848","2"
"3655x6350","2"
"3690x5449","2"
"3698x105","2"
"3719x752","2"
"3706x4678","2"
"3787x317","2"
"3790x3862","2"
"3759x2286","2"
"3803x4061","3"
"3792x6474","2"
"3789x971","2"
"3786x2622","2"
"3848x2821","3"
"3879x3094","2"
"3877x6004","2"
"3863x2947","3"
"3852x6212","2"
"3885x44","3"
"3910x4988","2"
"3906x162","2"
"3935x1658","3"
"3949x2550","2"
"3929x866","3"
"3942x5852","2"
"3921x521","2"
"3946x3418","3"
"4046x6156","2"
"4010x2199","3"
"4011x1856","3"
"4104x3176","2"
"4110x3916","3"
"4148x4731","3"
"4134x2938","3"
"4193x1414","3"
"4111x1126","2"
"4147x817","3"
"4170x5234","3"
"4193x581","3"
"4177x391","3"
"4222x6445","3"
"4264x3064","3"
"4317x2949","3"
"4251x3369","3"
"4294x5323","3"
"4331x2129","3"
"4290x6213","3"
"4351x2853","3"
"4363x1752","3"
"4320x4331","3"
"4342x5127","3"
"4354x4957","3"
"4404x1201","3"
"4412x5841","3"
"4427x102","3"
"4417x4209","3"
"4406x4605","3"
"4418x6558","3"
"4453x768","3"
"4444x6068","3"
"4490x995","3"
"4509x4475","3"
"4501x6314","3"
"4509x477","3"
"4515x1507","3"
"4525x2809","3"
"4522x3291","3"
"4520x6201","3"
"4561x6531","3"
"4538x5661","3"
"4578x4102","3"
"4646x3158","3"
"4593x5086","3"
"4577x2257","3"
"4609x2041","3"
"4615x6185","3"
"4656x617","3"
"4675x2612","3"
"4677x2451","3"
"4711x829","3"
"4702x1078","3"
"4730x6199","3"
"4722x5834","3"
"4737x1470","3"
"4728x4505","3"
"4755x6309","3"
"4780x4823","3"
"4769x5498","3"
"4759x6556","3"
"4799x391","3"
"4796x2187","3"
"4821x6409","3"
"4821x2058","3"
"4868x1712","3"
"4886x6558","3"
"4888x1406","3"
"4914x2319","3"
"4880x3244","3"
"4898x5182","3"
"4913x4474","3"
"4898x2888","3"
"4936x829","3"
"4913x2596","3"
"5000x1627","3"
"4983x4954","3"
"4963x2490","3"
"5002x1786","3"
"4980x96","3"
"5041x4133","3"
"5045x3740","3"
"5051x2803","3"
"5055x3181","3"
"5096x2148","3"
"5094x4775","3"
"5113x619","3"
"5094x394","3"
"5124x1121","3"
"5139x50","3"
"5153x2303","3"
"5154x1409","3"
"5145x1696","3"
"5178x1998","3"
"5186x5580","3"
"5189x4385","3"
"5201x3099","3"
"5186x4112","3"
"5243x5879","3"
"5231x737","3"
"5243x1017","3"
"5273x4597","3"
"5279x5177","3"
"5291x2416","3"
"5314x87","3"
"5319x2241","3"
"5330x1293","3"
"5355x3077","3"
"5360x4876","3"
"5403x417","3"
"5371x2120","3"
"5376x5991","3"
"5428x942","3"
"5428x1497","3"
"5418x2692","3"
"5431x4016","3"
"5448x5679","3"
"5438x6275","3"
"5448x4742","3"
"5450x2532","3"
"5482x6537","3"
"5510x588","3"
"5466x5485","3"
"5493x2206","3"
"5461x4504","3"
"5482x87","3"
"5491x3281","3"
"5555x6436","3"
"5559x1562","3"
"5583x2411","3"
"5593x3498","3"
"5632x5770","3"
"5619x5657","3"
"5599x3954","3"
"5612x292","3"
"5631x3737","3"
"5681x6145","3"
"5662x6307","3"
"5668x3633","3"
"5711x1512","3"
"5702x1014","3"
"5658x1919","3"
"5701x4417","3"
"5781x5642","3"
"5764x5362","3"
"5731x5479","3"
"5779x3451","3"
"5776x6525","3"
"5821x1752","3"
"5811x4163","3"
"5848x2581","3"
"5909x305","3"
"5889x622","3"
"5922x4711","3"
"5894x2305","3"
"5905x6243","3"
"5939x80","3"
"5888x2786","3"
"5948x1002","3"
"5939x3880","3"
"5953x6564","3"
"5955x5965","3"
"5994x5408","3"
"6021x3016","3"
"6005x3517","3"
"6030x4939","3"
"6074x781","3"
"6105x6383","3"
"6094x5061","3"
"6115x992","3"
"6079x3758","3"
"6094x4647","3"
"6143x486","3"
"6143x3946","3"
"6137x4270","3"
"6166x182","3"
"6167x2093","3"
"6187x3159","3"
"6134x4528","3"
"6202x6460","3"
"6199x3407","3"
"6205x5339","3"
"6225x2330","3"
"6220x4754","3"
"6236x3042","3"
"6222x1421","3"
"6247x2900","3"
"6264x3661","3"
"6246x59","3"
"6247x1655","3"
"6250x2593","3"
"6328x6531","3"
"6290x906","3"
"6309x1956","3"
"6332x241","3"
"6334x594","3"
"6360x5715","3"
"6372x759","3"
"6410x4263","3"
"6387x3978","3"
"6393x1039","3"
"6430x1387","3"
"6424x5478","3"
"6427x1767","3"
"6462x4800","3"
"6468x547","3"
"6510x5425","3"
"6475x2334","3"
"6503x2894","3"
"6536x5114","3"
"6523x5293","3"
"6504x3342","3"
"6511x3125","3"
"6560x4077","3"
"6545x1902","3"
"6594x4311","3"
"6577x643","3"
"6624x816","3"
"6621x1033","3"
"6644x536","3"
"6625x1557","3"
"6620x2556","3"
"6670x3524","3"
"6720x6350","3"
"6687x5928","3"
"6666x5782","3"
"6732x307","3"
"6706x1938","3"
"6768x64","3"
"6740x2320","3"
"6777x1731","3"
"6746x2473","3"
"6754x1365","3"
"6758x5596","3"
"6804x817","3"
"6778x2159","3"
"6806x5357","3"
"6884x3850","3"
"6848x1228","3"
"6850x6425","3"
"6839x4239","3"
"6853x2626","3"
"6867x2250","3"
"6856x3145","3"
"6878x2479","3"
"6890x4968","3"
"6882x2771","3"
"6887x5983","3"
"6935x2004","3"
"6954x1028","3"
"6964x5590","3"
"7032x2286","3"
"7022x5955","3"
"7049x1785","3"
"7050x3608","3"
"7034x1336","3"
"7034x5818","3"
"7050x5249","3"
"7016x37","3"
"7065x5491","3"
"7049x5038","3"
"7066x6505","3"
"7077x6376","3"
"7069x1203","3"
"7103x2716","3"
"7079x2941","3"
"7122x3489","3"
"7101x211","3"
"7142x1738","3"
"7168x3147","3"
"7245x4079","3"
"7189x5040","3"
"7192x4785","3"
"7217x998","3"
"7185x3787","3"
"7218x6295","3"
"7255x2876","3"
"7230x140","3"
"7243x1747","3"
"7289x1526","3"
"7273x3669","3"
"7276x3406","3"
"7288x5972","3"
"7287x4385","3"
"7336x267","3"
"7327x2258","3"
"7318x4701","3"
"7337x5539","3"
"7341x642","3"
"7343x760","3"
"7399x5200","3"
"7416x4296","3"
"7450x5974","3"
"7452x1216","3"
"7419x3586","3"
"7436x5550","3"
"7435x889","3"
"7463x2857","3"
"7480x3059","3"
"7493x1821","3"
"7488x2066","3"
"7486x4529","3"
"7481x3491","3"
"7491x4949","3"
"7501x3374","3"
"7545x3184","3"
"7553x4805","3"
"7585x5404","3"
"7594x3785","3"
"7626x3553","3"
"7630x840","3"
"7638x5833","3"
"7666x1719","3"
"7687x2425","3"
"7661x1334","3"
"7695x1534","3"
"7692x3692","3"
"7682x3184","3"
"7696x5082","3"
"7694x3986","3"
"7728x5660","3"
"7727x3393","3"
"7749x890","3"
"7704x6299","3"
"7786x4156","3"
"7778x115","3"
"7812x5358","3"
"7855x6485","3"
"7822x6115","3"
"7853x5827","3"
"7830x3053","3"
"7837x3199","3"
"7858x3974","3"
"7884x5506","3"
"7876x1013","3"
"7909x3348","3"
"7915x2535","3"
"7934x6170","3"
"7932x3844","3"
"7933x37","3"
"7882x372","3"
"7946x1497","3"
"7953x6003","3"
"7983x5275","3"
"7989x5025","3"
"7964x4619","3"
"8034x806","3"
"8026x4010","3"
"8052x1708","3"
"8114x4738","3"
"8066x3105","3"
"8083x590","3"
"8079x1393","3"
"8140x4470","3"
"8149x5788","3"
"8158x4980","3"
"8200x56","3"
"8135x2832","3"
"8194x6123","3"
"8185x2707","3"
"8199x2052","3"
"8207x2584","3"
"8248x233","3"
"8236x1114","3"
"8258x3102","3"
"8289x3842","3"
"8275x5976","3"
"8331x3367","3"
"8303x6343","3"
"8346x1624","3"
"8335x6533","3"
"8360x5509","3"
"8312x1225","3"
"8361x4205","3"
"8359x4080","3"
"8419x2297","3"
"8399x329","3"
"8451x2836","3"
"8470x3640","3"
"8473x5775","3"
"8477x4809","3"
"8454x6055","3"
"8476x2443","3"
"8497x3044","3"
"8539x2558","3"
"8526x1515","3"
"8581x155","3"
"8611x2925","3"
"8607x4846","3"
"8556x4495","3"
"8603x3892","3"
"8618x1664","3"
"8614x3707","3"
"8643x2179","3"
"8623x5369","3"
"8698x4621","3"
"8664x5941","3"
"8678x82","3"
"8686x6320","3"
"8679x1420","3"
"8678x946","3"
"8703x1827","3"
"8710x4023","3"
"8733x613","3"
"8728x3069","3"
"8744x4168","3"
"8743x770","3"
"8743x1136","3"
"8777x124","3"
"8781x6195","3"
"8786x2802","3"
"8773x4433","3"
"8796x4832","3"
"8820x2470","3"
"8813x5852","3"
"8819x2235","3"
"8822x3738","3"
"8819x3594","3"
"8797x3386","3"
"8867x3489","3"
"8875x594","4"
"8894x6359","3"
"8875x6008","3"
"8887x1432","4"
"8916x6531","3"
"8923x1247","4"
"8946x2348","4"
"8928x2670","4"
"8930x3853","3"
"8920x4505","3"
"8932x4779","4"
"8966x5336","3"
"8996x3608","4"
"8985x5907","3"
"8992x2921","4"
"9009x6131","3"
"9008x177","4"
"9011x4455","3"
"9007x3109","4"
"9010x4297","3"
"9003x2037","4"
"9029x5522","3"
"9023x873","4"
"9065x3801","3"
"9060x4759","4"
"9061x533","4"
"9073x4601","3"
"9054x1016","4"
"9009x1773","4"
"9085x328","4"
"9084x5769","4"
"9124x1491","4"
"9101x2215","4"
"9155x4280","4"
"9136x4945","4"
"9152x803","4"
"9163x3289","4"
"9180x1655","4"
"9144x2782","4"
"9169x6309","3"
"9161x6468","3"
"9166x4064","4"
"9195x3709","3"
"9246x3435","4"
"9198x34","4"
"9216x670","4"
"9212x4693","4"
"9232x5515","4"
"9245x425","4"
"9251x2722","4"
"9251x6548","4"
"9286x3986","4"
"9266x4521","4"
"9267x5864","3"
"9291x3238","4"
"9279x2121","4"
"9315x2315","4"
"9305x574","4"
"9289x1378","4"
"9322x4949","3"
"9304x4365","3"
"9328x6135","3"
"9285x1189","4"
"9321x1553","4"
"9323x2986","4"
"9307x5719","4"
"9315x4204","3"
"9335x1961","4"
"9348x5214","3"
"9370x2764","4"
"9392x176","4"
"9369x765","4"
"9401x2557","4"
"9425x4764","3"
"9426x1351","4"
"9404x3490","4"
"9450x4611","3"
"9444x5402","4"
"9449x971","4"
"9460x3679","4"
"9474x3855","4"
"9481x1143","4"
"9482x2637","4"
"9520x5028","4"
"9500x4327","4"
"9506x2749","4"
"9536x2487","4"
"9515x4179","4"
"9515x374","4"
"9559x5243","4"
"9542x6540","4"
"9582x5711","4"
"9590x3979","4"
"9568x30","4"
"9606x1948","4"
"9614x3061","4"
"9609x3830","4"
"9617x3670","4"
"9642x2637","4"
"9629x6534","4"
"9657x3200","4"
"9645x2909","4"
"9662x379","4"
"9679x3370","4"
"9690x4283","4"
"9688x4984","4"
"9711x3767","4"
"9704x6171","4"
"9710x2088","4"
"9701x6388","4"
"9736x2501","4"
"9788x2842","4"
"9802x640","4"
"9818x4914","4"
"9795x2188","4"
"9844x4034","4"
"9857x1538","4"
"9829x2667","4"
"9842x5682","4"
"9834x795","4"
"9867x3229","4"
"9852x5788","4"
"9850x2291","4"
"9870x307","4"
"9918x4534","4"
"9859x5547","4"
"9933x5163","4"
"9928x6191","4"
"9940x2600","4"
"9972x4797","4"
"9969x4111","4"
"9980x878","4"
"9972x2149","4"
"9978x3589","4"
"9973x2465","4"
"10020x4994","4"
"10039x2976","4"
"10032x6251","4"
"10035x1730","4"
"10028x188","4"
"10099x518","4"
"10064x3961","4"
"10064x3816","4"
"10090x2603","4"
"10099x2082","4"
"10158x4844","4"
"10113x4413","4"
"10133x4070","4"
"10152x4253","4"
"10173x5771","4"
"10160x2906","4"
"10164x3250","4"
"10171x6240","4"
"10171x1347","4"
"10187x1519","4"
"10209x5199","4"
"10230x2686","4"
"10208x3829","4"
"10223x5418","4"
"10239x1714","4"
"10213x6556","4"
"10223x3462","4"
"10202x5939","4"
"10269x4084","4"
"10282x2995","4"
"10305x6186","4"
"10303x2429","4"
"10322x5525","4"
"10326x3754","4"
"10321x4284","4"
"10318x4552","4"
"10313x440","4"
"10315x158","4"
"10381x1099","4"
"10368x894","4"
"10361x1435","4"
"10348x2077","4"
"10372x4402","4"
"10388x2883","4"
"10435x5344","4"
"10427x5962","4"
"10440x325","4"
"10426x5100","4"
"10454x1996","4"
"10429x1802","4"
"10466x4529","4"
"10465x176","4"
"10452x1590","4"
"10492x553","4"
"10522x3869","4"
"10534x4318","4"
"10533x2347","4"
"10548x3616","4"
"10534x6120","4"
"10581x1482","4"
"10577x4004","4"
"10588x1815","4"
"10596x1636","4"
"10571x1227","4"
"10608x2687","4"
"10610x2968","4"
"10608x3179","4"
"10615x4513","4"
"10653x5148","4"
"10684x2813","4"
"10659x1103","4"
"10683x357","4"
"10675x756","4"
"10680x612","4"
"10676x3780","4"
"10741x1699","4"
"10686x5564","4"
"10707x4835","4"
"10753x4478","4"
"10779x1527","4"
"10750x2145","4"
"10741x5399","4"
"10821x4676","4"
"10805x1152","4"
"10805x560","4"
"10833x1894","4"
"10846x5309","4"
"10853x5450","4"
"10851x2222","4"
"10857x971","4"
"10879x2051","4"
"10880x1281","4"
"10852x6490","4"
"10888x5622","4"
"10867x793","4"
"10880x5792","4"
"10886x3716","4"
"10903x3023","4"
"10927x3986","4"
"10917x276","4"
"10945x5319","4"
"10928x6395","4"
"10952x1930","4"
"10957x2578","4"
"10969x904","4"
"10969x3501","4"
"10981x703","4"
"11028x3821","4"
"11017x2306","4"
"11020x6067","4"
"11030x85","4"
"11028x1435","4"
"11026x3331","4"
"11041x4109","4"
"11029x5869","4"
"11041x5143","4"
"11047x3058","4"
"11083x4792","4"
"11029x6206","4"
"11060x356","4"
"11058x4423","4"
"11127x3219","4"
"11121x1278","4"
"11104x5675","4"
"11096x1801","4"
"11150x3321","4"
"11116x3610","4"
"11137x4990","4"
"11178x3037","4"
"11166x3428","4"
"11188x5949","4"
"11182x6514","4"
"11185x67","4"
"11172x3731","4"
"11202x4732","4"
"11186x449","4"
"11190x950","4"
"11198x5533","4"
"11238x3984","4"
"11259x3607","4"
"11237x4899","4"
"11241x5181","4"
"11251x4572","4"
"11279x1187","4"
"11277x3344","4"
"11308x6322","4"
"11295x4350","4"
"11304x2856","4"
"11325x5812","4"
"11321x5074","4"
"11352x5423","4"
"11360x5607","4"
"11360x4952","4"
"11435x3584","4"
"11383x4803","4"
"11375x3169","4"
"11403x3294","4"
"11413x4559","4"
"11425x1854","4"
"11407x2149","4"
"11408x3030","4"
"11422x4146","4"
"11440x3967","4"
"11432x6173","4"
"11456x6536","4"
"11444x41","4"
"11450x1247","4"
"11471x1747","4"
"11475x5835","4"
"11482x810","4"
"11510x2710","4"
"11537x5203","4"
"11528x5430","4"
"11548x2851","4"
"11572x639","4"
"11560x4415","4"
"11564x4607","4"
"11590x3982","4"
"11661x748","4"
"11614x5651","4"
"11659x5297","4"
"11629x2522","4"
"11680x6359","4"
"11689x3403","4"
"11676x4536","4"
"11662x299","4"
"11671x4835","4"
"11751x6498","4"
"11748x5709","4"
"11749x3000","4"
"11761x4453","4"
"11793x79","4"
"11824x1843","4"
"11815x1611","4"
"11819x968","4"
"11838x4917","4"
"11871x5050","4"
"11894x5874","4"
"11879x6101","4"
"11870x6288","4"
"11901x5185","4"
"11882x3575","4"
"11925x1684","4"
"11960x2500","4"
"11972x2572","4"
"11952x307","4"
"11984x6448","4"
"11994x975","4"
"12017x701","4"
"12022x4721","4"
"12042x6057","4"
"12057x524","4"
"12072x3534","4"
"12051x2693","4"
"12067x2418","4"
"12122x4307","4"
"12119x6366","4"
"12146x605","4"
"12151x4951","4"
"12172x3256","4"
"12178x1103","4"
"12180x6042","4"
"12173x6516","4"
"12165x414","4"
"12179x4203","4"
"12197x2880","4"
"12234x921","4"
"12214x741","4"
"12235x4876","4"
"12250x1559","4"
"12260x3042","4"
"12271x4981","4"
"12290x6336","4"
"12276x51","4"
"12295x3331","4"
"12261x1768","4"
